timestamp,gpuId,DCGM_FI_DEV_GPU_UTIL_min,DCGM_FI_DEV_GPU_UTIL_avg,DCGM_FI_DEV_GPU_UTIL_max,DCGM_FI_DEV_FB_FREE_min,DCGM_FI_DEV_FB_FREE_avg,DCGM_FI_DEV_FB_FREE_max,DCGM_FI_DEV_FB_USED_min,DCGM_FI_DEV_FB_USED_avg,DCGM_FI_DEV_FB_USED_max,DCGM_FI_DEV_FB_RESERVED_min,DCGM_FI_DEV_FB_RESERVED_avg,DCGM_FI_DEV_FB_RESERVED_max,DCGM_FI_PROF_SM_ACTIVE_min,DCGM_FI_PROF_SM_ACTIVE_avg,DCGM_FI_PROF_SM_ACTIVE_max,DCGM_FI_PROF_SM_OCCUPANCY_min,DCGM_FI_PROF_SM_OCCUPANCY_avg,DCGM_FI_PROF_SM_OCCUPANCY_max,DCGM_FI_PROF_PIPE_TENSOR_ACTIVE_min,DCGM_FI_PROF_PIPE_TENSOR_ACTIVE_avg,DCGM_FI_PROF_PIPE_TENSOR_ACTIVE_max,DCGM_FI_PROF_PIPE_FP64_ACTIVE_min,DCGM_FI_PROF_PIPE_FP64_ACTIVE_avg,DCGM_FI_PROF_PIPE_FP64_ACTIVE_max,DCGM_FI_PROF_PIPE_FP32_ACTIVE_min,DCGM_FI_PROF_PIPE_FP32_ACTIVE_avg,DCGM_FI_PROF_PIPE_FP32_ACTIVE_max,DCGM_FI_PROF_PIPE_FP16_ACTIVE_min,DCGM_FI_PROF_PIPE_FP16_ACTIVE_avg,DCGM_FI_PROF_PIPE_FP16_ACTIVE_max,DCGM_FI_PROF_DRAM_ACTIVE_min,DCGM_FI_PROF_DRAM_ACTIVE_avg,DCGM_FI_PROF_DRAM_ACTIVE_max,DCGM_FI_PROF_PCIE_TX_BYTES_min,DCGM_FI_PROF_PCIE_TX_BYTES_avg,DCGM_FI_PROF_PCIE_TX_BYTES_max,DCGM_FI_PROF_PCIE_RX_BYTES_min,DCGM_FI_PROF_PCIE_RX_BYTES_avg,DCGM_FI_PROF_PCIE_RX_BYTES_max,DCGM_FI_PROF_NVLINK_RX_BYTES_min,DCGM_FI_PROF_NVLINK_RX_BYTES_avg,DCGM_FI_PROF_NVLINK_RX_BYTES_max,DCGM_FI_PROF_NVLINK_TX_BYTES_min,DCGM_FI_PROF_NVLINK_TX_BYTES_avg,DCGM_FI_PROF_NVLINK_TX_BYTES_max,DCGM_FI_DEV_TOTAL_ENERGY_CONSUMPTION_min,DCGM_FI_DEV_TOTAL_ENERGY_CONSUMPTION_avg,DCGM_FI_DEV_TOTAL_ENERGY_CONSUMPTION_max,DCGM_FI_DEV_POWER_USAGE_min,DCGM_FI_DEV_POWER_USAGE_avg,DCGM_FI_DEV_POWER_USAGE_max
1,0,0,0,0,97270,97270,97270,9,9,9,591,591,591,0.00,0.00,0.00,0.00,0.00,0.00,0.00,0.00,0.00,0.00,0.00,0.00,0.00,0.00,0.00,0.00,0.00,0.00,0.00,0.00,0.00,330173,518558,855480,345896,537707,875234,0,0,0,0,0,0,0,79222,0,98.86,98.90,98.97
1,1,0,0,0,97270,97270,97270,9,9,9,591,591,591,0.00,0.00,0.00,0.00,0.00,0.00,0.00,0.00,0.00,0.00,0.00,0.00,0.00,0.00,0.00,0.00,0.00,0.00,0.00,0.00,0.00,20752,488349,1361008,38911,503399,1378849,0,0,0,0,0,0,0,88495,0,98.39,98.45,98.47
1,2,0,0,0,97273,97273,97273,6,6,6,591,591,591,0.00,0.00,0.00,0.00,0.00,0.00,0.00,0.00,0.00,0.00,0.00,0.00,0.00,0.00,0.00,0.00,0.00,0.00,0.00,0.00,0.00,322322,535623,1147735,340666,556587,1173939,0,0,0,0,0,0,0,76445,0,95.56,95.68,95.81
1,3,0,0,0,97264,97264,97264,16,16,16,591,591,591,0.00,0.00,0.00,0.00,0.00,0.00,0.00,0.00,0.00,0.00,0.00,0.00,0.00,0.00,0.00,0.00,0.00,0.00,0.00,0.00,0.00,305423,328900,351149,310664,344623,369492,0,0,0,0,0,0,0,66831,0,83.36,83.43,83.53
2,0,0,0,0,97270,97270,97270,9,9,9,591,591,591,0.00,0.00,0.00,0.00,0.00,0.00,0.00,0.00,0.00,0.00,0.00,0.00,0.00,0.00,0.00,0.00,0.00,0.00,0.00,0.00,0.00,324942,498409,1035090,345906,517276,1053433,0,0,0,0,0,0,0,89129,0,98.96,98.98,99.02
2,1,0,0,0,97270,97270,97270,9,9,9,591,591,591,0.00,0.00,0.00,0.00,0.00,0.00,0.00,0.00,0.00,0.00,0.00,0.00,0.00,0.00,0.00,0.00,0.00,0.00,0.00,0.00,0.00,432382,605390,857169,450726,625455,884124,0,0,0,0,0,0,0,78638,0,98.33,98.36,98.39
2,2,0,0,0,97273,97273,97273,6,6,6,591,591,591,0.00,0.00,0.00,0.00,0.00,0.00,0.00,0.00,0.00,0.00,0.00,0.00,0.00,0.00,0.00,0.00,0.00,0.00,0.00,0.00,0.00,319702,334899,353764,340666,353242,372109,0,0,0,0,0,0,0,76493,0,95.53,95.55,95.61
2,3,0,0,0,97264,97264,97264,16,16,16,591,591,591,0.00,0.00,0.00,0.00,0.00,0.00,0.00,0.00,0.00,0.00,0.00,0.00,0.00,0.00,0.00,0.00,0.00,0.00,0.00,0.00,0.00,324940,477458,815007,343283,497373,835972,0,0,0,0,0,0,0,66539,0,83.26,83.43,83.57
3,0,0,0,0,97270,97270,97270,9,9,9,591,591,591,0.00,0.00,0.00,0.00,0.00,0.00,0.00,0.00,0.00,0.00,0.00,0.00,0.00,0.00,0.00,0.00,0.00,0.00,0.00,0.00,0.00,306550,403736,584342,322270,421988,602685,0,0,0,0,0,0,0,79246,0,98.94,98.97,98.99
3,1,0,0,0,97270,97270,97270,9,9,9,591,591,591,0.00,0.00,0.00,0.00,0.00,0.00,0.00,0.00,0.00,0.00,0.00,0.00,0.00,0.00,0.00,0.00,0.00,0.00,0.00,0.00,0.00,427145,444952,482173,448109,463296,500517,0,0,0,0,0,0,0,78541,0,98.18,98.22,98.31
3,2,0,0,0,97273,97273,97273,6,6,6,591,591,591,0.00,0.00,0.00,0.00,0.00,0.00,0.00,0.00,0.00,0.00,0.00,0.00,0.00,0.00,0.00,0.00,0.00,0.00,0.00,0.00,0.00,309229,480427,974719,327574,497655,987820,0,0,0,0,0,0,0,76559,0,95.64,95.71,95.76
3,3,0,0,0,97264,97264,97264,16,16,16,591,591,591,0.00,0.00,0.00,0.00,0.00,0.00,0.00,0.00,0.00,0.00,0.00,0.00,0.00,0.00,0.00,0.00,0.00,0.00,0.00,0.00,0.00,0,410888,948586,15721,428707,966929,0,0,0,0,0,0,0,66677,0,83.19,83.22,83.25
4,0,0,0,0,97270,97270,97270,9,9,9,591,591,591,0.00,0.00,0.00,0.00,0.00,0.00,0.00,0.00,0.00,0.00,0.00,0.00,0.00,0.00,0.00,0.00,0.00,0.00,0.00,0.00,0.00,324908,372100,526710,343250,390443,545053,0,0,0,0,0,0,0,79586,0,98.98,99.22,99.39
4,1,0,0,0,97270,97270,97270,9,9,9,591,591,591,0.00,0.00,0.00,0.00,0.00,0.00,0.00,0.00,0.00,0.00,0.00,0.00,0.00,0.00,0.00,0.00,0.00,0.00,0.00,0.00,0.00,414041,471691,537205,429764,489511,555549,0,0,0,0,0,0,0,88377,0,98.26,98.29,98.36
4,2,0,0,0,97273,97273,97273,6,6,6,591,591,591,0.00,0.00,0.00,0.00,0.00,0.00,0.00,0.00,0.00,0.00,0.00,0.00,0.00,0.00,0.00,0.00,0.00,0.00,0.00,0.00,0.00,319702,356913,400941,340666,375256,419285,0,0,0,0,0,0,0,57496,0,95.69,95.74,95.79
4,3,0,0,0,97264,97264,97264,16,16,16,591,591,591,0.00,0.00,0.00,0.00,0.00,0.00,0.00,0.00,0.00,0.00,0.00,0.00,0.00,0.00,0.00,0.00,0.00,0.00,0.00,0.00,0.00,322337,359011,393074,335441,376831,411418,0,0,0,0,0,0,0,50272,0,83.43,83.70,83.92
5,0,0,0,0,97270,97270,97270,9,9,9,591,591,591,0.00,0.00,0.00,0.00,0.00,0.00,0.00,0.00,0.00,0.00,0.00,0.00,0.00,0.00,0.00,0.00,0.00,0.00,0.00,0.00,0.00,327558,347474,374729,345901,364770,393072,0,0,0,0,0,0,0,69338,0,99.01,99.17,99.41
5,1,0,0,0,97270,97270,97270,9,9,9,591,591,591,0.00,0.00,0.00,0.00,0.00,0.00,0.00,0.00,0.00,0.00,0.00,0.00,0.00,0.00,0.00,0.00,0.00,0.00,0.00,0.00,0.00,288261,638149,1488447,300490,655716,1509411,0,0,0,0,0,0,0,58954,0,98.19,98.23,98.25
5,2,0,0,0,97273,97273,97273,6,6,6,591,591,591,0.00,0.00,0.00,0.00,0.00,0.00,0.00,0.00,0.00,0.00,0.00,0.00,0.00,0.00,0.00,0.00,0.00,0.00,0.00,0.00,0.00,324943,334890,348519,343247,353233,369482,0,0,0,0,0,0,0,76553,0,95.68,95.76,95.81
5,3,0,0,0,97264,97264,97264,16,16,16,591,591,591,0.00,0.00,0.00,0.00,0.00,0.00,0.00,0.00,0.00,0.00,0.00,0.00,0.00,0.00,0.00,0.00,0.00,0.00,0.00,0.00,0.00,327528,342755,382611,345870,361099,403576,0,0,0,0,0,0,0,66587,0,83.31,83.58,83.82
6,0,0,0,0,97270,97270,97270,9,9,9,591,591,591,0.00,0.00,0.00,0.00,0.00,0.00,0.00,0.00,0.00,0.00,0.00,0.00,0.00,0.00,0.00,0.00,0.00,0.00,0.00,0.00,0.00,23584,421934,1048199,44547,440735,1063922,0,0,0,0,0,0,0,79099,0,98.82,98.91,98.98
6,1,0,0,0,97270,97270,97270,9,9,9,591,591,591,0.00,0.00,0.00,0.00,0.00,0.00,0.00,0.00,0.00,0.00,0.00,0.00,0.00,0.00,0.00,0.00,0.00,0.00,0.00,0.00,0.00,427144,474295,552851,445488,492114,571192,0,0,0,0,0,0,0,78624,0,98.30,98.32,98.35
6,2,0,0,0,97273,97273,97273,6,6,6,591,591,591,0.00,0.00,0.00,0.00,0.00,0.00,0.00,0.00,0.00,0.00,0.00,0.00,0.00,0.00,0.00,0.00,0.00,0.00,0.00,0.00,0.00,316245,321109,324942,334243,339908,343286,0,0,0,0,0,0,0,86147,0,95.69,95.73,95.75
6,3,0,0,0,97264,97264,97264,16,16,16,591,591,591,0.00,0.00,0.00,0.00,0.00,0.00,0.00,0.00,0.00,0.00,0.00,0.00,0.00,0.00,0.00,0.00,0.00,0.00,0.00,0.00,0.00,324936,357965,403560,343279,376308,421903,0,0,0,0,0,0,0,75039,0,83.25,83.32,83.40
7,0,0,0,0,97270,97270,97270,9,9,9,591,591,591,0.00,0.00,0.00,0.00,0.00,0.00,0.00,0.00,0.00,0.00,0.00,0.00,0.00,0.00,0.00,0.00,0.00,0.00,0.00,0.00,0.00,318234,397379,584363,336055,415711,602706,0,0,0,0,0,0,0,79192,0,98.80,98.84,98.89
7,1,0,0,0,97270,97270,97270,9,9,9,591,591,591,0.00,0.00,0.00,0.00,0.00,0.00,0.00,0.00,0.00,0.00,0.00,0.00,0.00,0.00,0.00,0.00,0.00,0.00,0.00,0.00,0.00,419280,432902,461194,437623,451245,479537,0,0,0,0,0,0,0,78455,0,98.16,98.25,98.34
7,2,0,0,0,97273,97273,97273,6,6,6,591,591,591,0.00,0.00,0.00,0.00,0.00,0.00,0.00,0.00,0.00,0.00,0.00,0.00,0.00,0.00,0.00,0.00,0.00,0.00,0.00,0.00,0.00,322320,474311,1061300,340663,492130,1077023,0,0,0,0,0,0,0,76604,0,95.77,95.79,95.83
7,3,0,0,0,97264,97264,97264,16,16,16,591,591,591,0.00,0.00,0.00,0.00,0.00,0.00,0.00,0.00,0.00,0.00,0.00,0.00,0.00,0.00,0.00,0.00,0.00,0.00,0.00,0.00,0.00,327563,454921,830715,345907,473264,849059,0,0,0,0,0,0,0,66753,0,83.47,83.54,83.59
8,0,0,0,0,97270,97270,97270,9,9,9,591,591,591,0.00,0.00,0.00,0.00,0.00,0.00,0.00,0.00,0.00,0.00,0.00,0.00,0.00,0.00,0.00,0.00,0.00,0.00,0.00,0.00,0.00,317079,376822,482173,338043,394641,497896,0,0,0,0,0,0,0,78987,0,98.70,98.77,98.84
8,1,0,0,0,97270,97270,97270,9,9,9,591,591,591,0.00,0.00,0.00,0.00,0.00,0.00,0.00,0.00,0.00,0.00,0.00,0.00,0.00,0.00,0.00,0.00,0.00,0.00,0.00,0.00,0.00,435110,699681,1538234,450558,717969,1556578,0,0,0,0,0,0,0,78564,0,98.10,98.16,98.23
8,2,0,0,0,97273,97273,97273,6,6,6,591,591,591,0.00,0.00,0.00,0.00,0.00,0.00,0.00,0.00,0.00,0.00,0.00,0.00,0.00,0.00,0.00,0.00,0.00,0.00,0.00,0.00,0.00,324911,353761,416656,343252,372104,434999,0,0,0,0,0,0,0,76535,0,95.69,95.76,95.81
8,3,0,0,0,97264,97264,97264,16,16,16,591,591,591,0.00,0.00,0.00,0.00,0.00,0.00,0.00,0.00,0.00,0.00,0.00,0.00,0.00,0.00,0.00,0.00,0.00,0.00,0.00,0.00,0.00,324944,355856,393040,343288,373675,411381,0,0,0,0,0,0,0,66443,0,83.10,83.24,83.41
9,0,0,0,0,97270,97270,97270,9,9,9,591,591,591,0.00,0.00,0.00,0.00,0.00,0.00,0.00,0.00,0.00,0.00,0.00,0.00,0.00,0.00,0.00,0.00,0.00,0.00,0.00,0.00,0.00,322289,1561252,3609716,340662,1600667,3697502,0,0,0,0,0,0,0,88966,0,98.72,98.77,98.81
9,1,0,0,0,97270,97270,97270,9,9,9,591,591,591,0.00,0.00,0.00,0.00,0.00,0.00,0.00,0.00,0.00,0.00,0.00,0.00,0.00,0.00,0.00,0.00,0.00,0.00,0.00,0.00,0.00,403432,1639401,3711878,421770,1678270,3800974,0,0,0,0,0,0,0,78604,0,98.24,98.27,98.31
9,2,0,0,0,97273,97273,97273,6,6,6,591,591,591,0.00,0.00,0.00,0.00,0.00,0.00,0.00,0.00,0.00,0.00,0.00,0.00,0.00,0.00,0.00,0.00,0.00,0.00,0.00,0.00,0.00,317072,990010,2990470,335415,1025380,3076923,0,0,0,0,0,0,0,86144,0,95.57,95.61,95.70
9,3,0,0,0,97264,97264,97264,16,16,16,591,591,591,0.00,0.00,0.00,0.00,0.00,0.00,0.00,0.00,0.00,0.00,0.00,0.00,0.00,0.00,0.00,0.00,0.00,0.00,0.00,0.00,0.00,330191,877859,2497306,351155,910615,2573299,0,0,0,0,0,0,0,74986,0,83.16,83.26,83.39
10,0,0,0,0,97268,97268,97268,11,11,11,591,591,591,0.00,0.00,0.00,0.00,0.00,0.00,0.00,0.00,0.00,0.00,0.00,0.00,0.00,0.00,0.00,0.00,0.00,0.00,0.00,0.00,0.00,3301264,4970055,6638846,3378261,4753752,6129244,0,0,0,0,0,0,0,39595,0,98.89,98.92,98.96
10,1,0,0,0,97268,97269,97270,9,10,11,591,591,591,0.00,0.00,0.00,0.00,0.00,0.00,0.00,0.00,0.00,0.00,0.00,0.00,0.00,0.00,0.00,0.00,0.00,0.00,0.00,0.00,0.00,623690,3453425,6283161,670860,3545445,6420031,0,0,0,0,0,0,0,29531,0,98.31,98.35,98.39
10,2,0,0,0,97273,97273,97273,6,6,6,591,591,591,0.00,0.00,0.00,0.00,0.00,0.00,0.00,0.00,0.00,0.00,0.00,0.00,0.00,0.00,0.00,0.00,0.00,0.00,0.00,0.00,0.00,402254,2045924,3689594,488732,2108816,3728901,0,0,0,0,0,0,0,38273,0,95.71,95.74,95.78
10,3,0,0,0,97264,97264,97264,16,16,16,591,591,591,0.00,0.00,0.00,0.00,0.00,0.00,0.00,0.00,0.00,0.00,0.00,0.00,0.00,0.00,0.00,0.00,0.00,0.00,0.00,0.00,0.00,427131,2313268,4199406,490021,2387297,4284574,0,0,0,0,0,0,0,33281,0,83.29,83.31,83.34
11,0,0,0,0,96566,97034,97268,11,245,713,591,591,591,0.00,0.00,0.00,0.00,0.00,0.00,0.00,0.00,0.00,0.00,0.00,0.00,0.00,0.00,0.00,0.00,0.00,0.00,0.00,0.00,0.00,0,2155579,3449849,5240,2191252,3516671,0,0,0,0,0,0,0,82959,0,98.95,100.29,102.91
11,1,0,0,0,97268,97268,97268,11,11,11,591,591,591,0.00,0.00,0.00,0.00,0.00,0.00,0.00,0.00,0.00,0.00,0.00,0.00,0.00,0.00,0.00,0.00,0.00,0.00,0.00,0.00,0.00,953811,2081364,3197027,1105792,2166396,3248782,0,0,0,0,0,0,0,58899,0,98.27,98.33,98.41
11,2,0,0,0,97270,97270,97270,9,9,9,591,591,591,0.00,0.00,0.00,0.00,0.00,0.00,0.00,0.00,0.00,0.00,0.00,0.00,0.00,0.00,0.00,0.00,0.00,0.00,0.00,0.00,0.00,1650537,4753280,6936241,1690959,4845365,7009613,0,0,0,0,0,0,0,57326,0,95.56,95.68,95.81
11,3,0,0,0,97262,97262,97264,16,17,18,591,591,591,0.00,0.00,0.00,0.00,0.00,0.00,0.00,0.00,0.00,0.00,0.00,0.00,0.00,0.00,0.00,0.00,0.00,0.00,0.00,0.00,0.00,352568,6087090,11289966,390093,6191387,11402748,0,0,0,0,0,0,0,50012,0,83.26,83.33,83.39
12,0,0,40,100,96338,96404,96564,715,874,941,591,591,591,0.00,0.33,0.96,0.00,0.04,0.14,0.00,0.26,0.94,0.00,0.00,0.00,0.00,0.00,0.00,0.00,0.00,0.00,0.00,0.05,0.18,500629,2245667,7132675,1158319,2553861,7480802,0,0,0,0,0,0,0,210298,0,112.34,180.13,310.65
12,1,0,38,100,96336,96426,96562,717,852,943,591,591,591,0.00,0.35,0.96,0.00,0.05,0.14,0.00,0.34,0.93,0.00,0.00,0.00,0.00,0.00,0.00,0.00,0.00,0.00,0.00,0.07,0.18,448118,1760095,4688394,631559,2040516,5005496,0,0,0,0,0,0,0,237437,0,105.25,157.79,250.36
12,2,0,30,100,96338,96563,97237,42,716,941,591,591,591,0.00,0.33,0.96,0.00,0.05,0.14,0.00,0.32,0.93,0.00,0.00,0.00,0.00,0.00,0.00,0.00,0.00,0.00,0.00,0.05,0.21,329465,1900798,6185202,570027,2187884,6741057,0,0,0,0,0,0,0,268367,0,95.77,178.89,320.36
12,3,0,40,100,96332,96563,97262,18,716,948,591,591,591,0.00,0.43,0.96,0.00,0.06,0.14,0.00,0.41,0.93,0.00,0.00,0.00,0.00,0.00,0.00,0.00,0.00,0.00,0.00,0.08,0.19,453345,2586348,9299978,490032,2842337,9828564,0,0,0,0,0,0,0,273790,0,83.45,180.94,336.98
13,0,100,100,100,96338,96338,96338,941,941,941,591,591,591,0.96,0.96,0.96,0.14,0.14,0.14,0.94,0.94,0.94,0.00,0.00,0.00,0.00,0.00,0.00,0.00,0.00,0.00,0.17,0.17,0.17,340674,405142,479550,377362,440258,513616,0,0,0,0,0,0,0,432010,0,384.48,496.55,547.19
13,1,100,100,100,96336,96336,96336,943,943,943,591,591,591,0.96,0.96,0.96,0.14,0.14,0.14,0.93,0.93,0.93,0.00,0.00,0.00,0.00,0.00,0.00,0.00,0.00,0.00,0.17,0.17,0.18,340672,510452,987971,377359,545972,1024660,0,0,0,0,0,0,0,488357,0,337.94,467.33,546.93
13,2,100,100,100,96338,96338,96338,941,941,941,591,591,591,0.96,0.96,0.96,0.14,0.14,0.14,0.93,0.93,0.93,0.00,0.00,0.00,0.00,0.00,0.00,0.00,0.00,0.00,0.17,0.17,0.17,345922,495276,940743,382582,530915,974809,0,0,0,0,0,0,0,430315,0,407.27,505.29,550.11
13,3,100,100,100,96332,96332,96332,948,948,948,591,591,591,0.96,0.96,0.96,0.14,0.14,0.14,0.93,0.94,0.94,0.00,0.00,0.00,0.00,0.00,0.00,0.00,0.00,0.00,0.17,0.17,0.17,343175,565964,870014,379850,601597,904081,0,0,0,0,0,0,0,425263,0,425.45,509.19,548.02
14,0,100,100,100,96338,96338,96338,941,941,941,591,591,591,0.96,0.96,0.96,0.14,0.14,0.14,0.94,0.94,0.94,0.00,0.00,0.00,0.00,0.00,0.00,0.00,0.00,0.00,0.17,0.17,0.17,476930,535119,628924,510997,570235,662991,0,0,0,0,0,0,0,429722,0,538.28,540.10,540.97
14,1,100,100,100,96336,96336,96336,943,943,943,591,591,591,0.96,0.96,0.96,0.14,0.14,0.14,0.93,0.93,0.94,0.00,0.00,0.00,0.00,0.00,0.00,0.00,0.00,0.00,0.17,0.17,0.18,133636,514673,1401975,170321,549788,1436041,0,0,0,0,0,0,0,434019,0,543.86,545.72,547.84
14,2,100,100,100,96338,96338,96338,941,941,941,591,591,591,0.96,0.96,0.96,0.14,0.14,0.14,0.93,0.93,0.94,0.00,0.00,0.00,0.00,0.00,0.00,0.00,0.00,0.00,0.17,0.17,0.17,335443,366360,419303,372133,402001,455992,0,0,0,0,0,0,0,427161,0,536.15,537.56,539.11
14,3,100,100,100,96332,96332,96332,948,948,948,591,591,591,0.96,0.96,0.96,0.14,0.14,0.14,0.93,0.94,0.94,0.00,0.00,0.00,0.00,0.00,0.00,0.00,0.00,0.00,0.17,0.17,0.17,338053,517821,817597,374741,553461,854285,0,0,0,0,0,0,0,424459,0,531.97,533.14,534.18
15,0,100,100,100,96338,96338,96338,941,941,941,591,591,591,0.96,0.96,0.96,0.14,0.14,0.14,0.94,0.94,0.94,0.00,0.00,0.00,0.00,0.00,0.00,0.00,0.00,0.00,0.16,0.17,0.17,505771,798561,1153807,542459,832897,1184758,0,0,0,0,0,0,0,485122,0,536.87,537.76,539.43
15,1,100,100,100,96336,96336,96336,943,943,943,591,591,591,0.96,0.96,0.96,0.14,0.14,0.14,0.93,0.93,0.93,0.00,0.00,0.00,0.00,0.00,0.00,0.00,0.00,0.00,0.17,0.17,0.18,348530,485853,948661,382597,520444,985350,0,0,0,0,0,0,0,430566,0,539.27,540.06,542.51
15,2,100,100,100,96338,96338,96338,941,941,941,591,591,591,0.96,0.96,0.96,0.14,0.14,0.14,0.93,0.93,0.94,0.00,0.00,0.00,0.00,0.00,0.00,0.00,0.00,0.00,0.17,0.17,0.17,10179,302881,469090,40718,337292,503158,0,0,0,0,0,0,0,484616,0,536.06,537.94,539.77
15,3,100,100,100,96332,96332,96332,948,948,948,591,591,591,0.96,0.96,0.96,0.14,0.14,0.14,0.93,0.94,0.94,0.00,0.00,0.00,0.00,0.00,0.00,0.00,0.00,0.00,0.17,0.17,0.17,0,310268,442861,34066,345383,476927,0,0,0,0,0,0,0,476584,0,530.32,530.86,531.65
16,0,100,100,100,96338,96338,96338,941,941,941,591,591,591,0.96,0.96,0.96,0.14,0.14,0.14,0.94,0.94,0.94,0.00,0.00,0.00,0.00,0.00,0.00,0.00,0.00,0.00,0.17,0.17,0.17,479531,550152,775691,513596,585441,809759,0,0,0,0,0,0,0,429233,0,538.33,539.47,540.63
16,1,100,100,100,96336,96336,96336,943,943,943,591,591,591,0.96,0.96,0.96,0.14,0.14,0.14,0.93,0.93,0.93,0.00,0.00,0.00,0.00,0.00,0.00,0.00,0.00,0.00,0.17,0.18,0.18,335435,434492,592254,372124,469608,626321,0,0,0,0,0,0,0,427295,0,535.06,536.72,538.83
16,2,100,100,100,96338,96338,96338,941,941,941,591,591,591,0.96,0.96,0.96,0.14,0.14,0.14,0.93,0.93,0.93,0.00,0.00,0.00,0.00,0.00,0.00,0.00,0.00,0.00,0.17,0.17,0.18,320751,530604,1071792,358172,565725,1107775,0,0,0,0,0,0,0,426157,0,534.33,536.27,538.84
16,3,100,100,100,96332,96332,96332,948,948,948,591,591,591,0.96,0.96,0.96,0.14,0.14,0.14,0.93,0.94,0.94,0.00,0.00,0.00,0.00,0.00,0.00,0.00,0.00,0.00,0.17,0.17,0.17,333826,476756,872655,364641,511179,909343,0,0,0,0,0,0,0,421696,0,527.46,528.57,530.28
17,0,100,100,100,96338,96338,96338,941,941,941,591,591,591,0.96,0.96,0.96,0.14,0.14,0.14,0.94,0.94,0.94,0.00,0.00,0.00,0.00,0.00,0.00,0.00,0.00,0.00,0.17,0.17,0.17,474318,602080,809743,508385,637458,846431,0,0,0,0,0,0,0,429184,0,536.73,536.90,537.09
17,1,100,100,100,96336,96336,96336,943,943,943,591,591,591,0.96,0.96,0.96,0.14,0.14,0.14,0.93,0.93,0.93,0.00,0.00,0.00,0.00,0.00,0.00,0.00,0.00,0.00,0.17,0.19,0.24,347905,594390,1090807,385371,632884,1124173,0,0,0,0,0,0,0,321019,0,536.83,537.25,537.87
17,2,100,100,100,96338,96338,96338,941,941,941,591,591,591,0.96,0.96,0.96,0.14,0.14,0.14,0.93,0.93,0.94,0.00,0.00,0.00,0.00,0.00,0.00,0.00,0.00,0.00,0.17,0.17,0.17,353779,368196,403573,390467,402919,437641,0,0,0,0,0,0,0,320642,0,533.79,534.16,535.11
17,3,100,100,100,96332,96332,96332,948,948,948,591,591,591,0.96,0.96,0.96,0.14,0.14,0.14,0.93,0.94,0.94,0.00,0.00,0.00,0.00,0.00,0.00,0.00,0.00,0.00,0.17,0.17,0.17,334401,454403,794015,371854,489971,828082,0,0,0,0,0,0,0,316772,0,528.32,528.55,528.70
18,0,100,100,100,96338,96338,96338,941,941,941,591,591,591,0.96,0.96,0.96,0.14,0.14,0.14,0.94,0.94,0.94,0.00,0.00,0.00,0.00,0.00,0.00,0.00,0.00,0.00,0.17,0.17,0.17,471711,477477,482186,505779,512593,516269,0,0,0,0,0,0,0,485381,0,537.61,538.59,539.63
18,1,100,100,100,96336,96336,96336,943,943,943,591,591,591,0.96,0.96,0.96,0.14,0.14,0.14,0.93,0.93,0.93,0.00,0.00,0.00,0.00,0.00,0.00,0.00,0.00,0.00,0.17,0.17,0.17,346035,475280,613210,380115,509340,647277,0,0,0,0,0,0,0,426531,0,534.04,534.52,535.19
18,2,100,100,100,96338,96338,96338,941,941,941,591,591,591,0.96,0.96,0.96,0.14,0.14,0.14,0.93,0.93,0.94,0.00,0.00,0.00,0.00,0.00,0.00,0.00,0.00,0.00,0.17,0.17,0.17,338030,383124,534587,377336,418239,571274,0,0,0,0,0,0,0,430792,0,536.27,538.45,540.31
18,3,100,100,100,96332,96332,96332,948,948,948,591,591,591,0.96,0.96,0.96,0.14,0.14,0.14,0.93,0.93,0.94,0.00,0.00,0.00,0.00,0.00,0.00,0.00,0.00,0.00,0.17,0.17,0.17,330187,481653,838583,366874,516767,872650,0,0,0,0,0,0,0,419453,0,525.97,527.98,528.85
19,0,100,100,100,96338,96338,96338,941,941,941,591,591,591,0.96,0.96,0.96,0.14,0.14,0.14,0.94,0.94,0.94,0.00,0.00,0.00,0.00,0.00,0.00,0.00,0.00,0.00,0.16,0.17,0.17,391723,734980,1813475,422785,768309,1847544,0,0,0,0,0,0,0,321376,0,537.97,539.47,540.54
19,1,100,100,100,96336,96336,96336,943,943,943,591,591,591,0.96,0.96,0.96,0.14,0.14,0.14,0.93,0.93,0.93,0.00,0.00,0.00,0.00,0.00,0.00,0.00,0.00,0.00,0.17,0.17,0.17,340673,452826,854316,374741,487941,888383,0,0,0,0,0,0,0,424667,0,532.96,534.15,534.91
19,2,100,100,100,96338,96338,96338,941,941,941,591,591,591,0.96,0.96,0.96,0.14,0.14,0.14,0.93,0.93,0.93,0.00,0.00,0.00,0.00,0.00,0.00,0.00,0.00,0.00,0.17,0.17,0.17,346784,469789,670530,379933,504175,703450,0,0,0,0,0,0,0,427119,0,534.67,536.04,538.23
19,3,100,100,100,96332,96332,96332,948,948,948,591,591,591,0.96,0.96,0.96,0.14,0.14,0.14,0.93,0.93,0.93,0.00,0.00,0.00,0.00,0.00,0.00,0.00,0.00,0.00,0.17,0.17,0.17,364264,517295,872626,400952,551887,909313,0,0,0,0,0,0,0,417785,0,524.97,525.72,526.43
20,0,100,100,100,96338,96338,96338,941,941,941,591,591,591,0.96,0.96,0.96,0.14,0.14,0.14,0.94,0.94,0.94,0.00,0.00,0.00,0.00,0.00,0.00,0.00,0.00,0.00,0.17,0.17,0.17,468156,604126,1084935,505608,639919,1121624,0,0,0,0,0,0,0,428648,0,535.01,535.98,536.65
20,1,100,100,100,96336,96336,96336,943,943,943,591,591,591,0.96,0.96,0.96,0.14,0.14,0.14,0.93,0.93,0.93,0.00,0.00,0.00,0.00,0.00,0.00,0.00,0.00,0.00,0.17,0.17,0.17,5241,317963,510138,39308,352381,543332,0,0,0,0,0,0,0,480948,0,532.63,533.71,535.25
20,2,100,100,100,96338,96338,96338,941,941,941,591,591,591,0.96,0.96,0.96,0.14,0.14,0.14,0.93,0.93,0.94,0.00,0.00,0.00,0.00,0.00,0.00,0.00,0.00,0.00,0.17,0.17,0.18,345908,452308,773081,382595,486899,807149,0,0,0,0,0,0,0,428806,0,534.29,535.09,536.55
20,3,100,100,100,96332,96332,96332,948,948,948,591,591,591,0.96,0.96,0.96,0.14,0.14,0.14,0.93,0.93,0.94,0.00,0.00,0.00,0.00,0.00,0.00,0.00,0.00,0.00,0.17,0.17,0.17,335432,348823,384249,369499,383299,415688,0,0,0,0,0,0,0,419015,0,523.92,524.92,525.43
21,0,100,100,100,96338,96338,96338,941,941,941,591,591,591,0.96,0.96,0.96,0.14,0.14,0.14,0.94,0.94,0.94,0.00,0.00,0.00,0.00,0.00,0.00,0.00,0.00,0.00,0.17,0.17,0.17,476923,629991,849065,510989,665631,883132,0,0,0,0,0,0,0,426747,0,534.54,535.90,536.54
21,1,100,100,100,96336,96336,96336,943,943,943,591,591,591,0.96,0.96,0.96,0.14,0.14,0.14,0.93,0.93,0.93,0.00,0.00,0.00,0.00,0.00,0.00,0.00,0.00,0.00,0.17,0.17,0.18,341459,595923,1096403,374340,631484,1132520,0,0,0,0,0,0,0,425379,0,533.15,534.21,535.27
21,2,100,100,100,96338,96338,96338,941,941,941,591,591,591,0.96,0.96,0.96,0.14,0.14,0.14,0.93,0.93,0.93,0.00,0.00,0.00,0.00,0.00,0.00,0.00,0.00,0.00,0.17,0.17,0.17,345928,449171,615832,382605,484811,652520,0,0,0,0,0,0,0,427615,0,534.87,535.87,536.50
21,3,100,100,100,96332,96332,96332,948,948,948,591,591,591,0.96,0.96,0.96,0.14,0.14,0.14,0.93,0.93,0.93,0.00,0.00,0.00,0.00,0.00,0.00,0.00,0.00,0.00,0.17,0.17,0.17,340670,381551,469066,377370,416666,503132,0,0,0,0,0,0,0,416846,0,522.07,522.99,524.89
22,0,100,100,100,96338,96338,96338,941,941,941,591,591,591,0.96,0.96,0.96,0.14,0.14,0.14,0.94,0.94,0.94,0.00,0.00,0.00,0.00,0.00,0.00,0.00,0.00,0.00,0.17,0.17,0.17,476961,781976,1700699,511029,817616,1737386,0,0,0,0,0,0,0,485671,0,535.95,538.04,540.49
22,1,100,100,100,96336,96336,96336,943,943,943,591,591,591,0.96,0.96,0.96,0.14,0.14,0.14,0.93,0.93,0.93,0.00,0.00,0.00,0.00,0.00,0.00,0.00,0.00,0.00,0.17,0.17,0.17,345921,502630,699685,379989,538270,738993,0,0,0,0,0,0,0,425032,0,533.03,533.49,533.83
22,2,100,100,100,96338,96338,96338,941,941,941,591,591,591,0.96,0.96,0.96,0.14,0.14,0.14,0.93,0.94,0.94,0.00,0.00,0.00,0.00,0.00,0.00,0.00,0.00,0.00,0.17,0.17,0.17,340680,513634,977471,377369,549275,1011538,0,0,0,0,0,0,0,481958,0,534.83,535.54,536.10
22,3,100,100,100,96332,96332,96332,948,948,948,591,591,591,0.96,0.96,0.96,0.14,0.14,0.14,0.93,0.94,0.94,0.00,0.00,0.00,0.00,0.00,0.00,0.00,0.00,0.00,0.17,0.17,0.17,332812,652520,1250012,366880,688684,1286700,0,0,0,0,0,0,0,470134,0,522.20,522.86,523.45
23,0,100,100,100,96338,96338,96338,941,941,941,591,591,591,0.96,0.96,0.96,0.14,0.14,0.14,0.94,0.94,0.94,0.00,0.00,0.00,0.00,0.00,0.00,0.00,0.00,0.00,0.16,0.17,0.17,305590,498002,744243,334612,532250,780931,0,0,0,0,0,0,0,427147,0,536.42,538.43,540.65
23,1,100,100,100,96336,96336,96336,943,943,943,591,591,591,0.96,0.96,0.96,0.14,0.14,0.14,0.93,0.93,0.93,0.00,0.00,0.00,0.00,0.00,0.00,0.00,0.00,0.00,0.17,0.17,0.17,340669,385751,458610,377357,420342,492678,0,0,0,0,0,0,0,425672,0,532.96,533.25,533.51
23,2,100,100,100,96338,96338,96338,941,941,941,591,591,591,0.96,0.96,0.96,0.14,0.14,0.14,0.93,0.94,0.94,0.00,0.00,0.00,0.00,0.00,0.00,0.00,0.00,0.00,0.16,0.17,0.17,281271,384330,587075,310971,418410,622966,0,0,0,0,0,0,0,428791,0,535.09,535.87,536.34
23,3,100,100,100,96332,96332,96332,948,948,948,591,591,591,0.96,0.96,0.96,0.14,0.14,0.14,0.93,0.94,0.94,0.00,0.00,0.00,0.00,0.00,0.00,0.00,0.00,0.00,0.17,0.17,0.17,324953,338570,348533,361641,373161,382600,0,0,0,0,0,0,0,315178,0,524.43,526.00,527.04
24,0,100,100,100,96338,96338,96338,941,941,941,591,591,591,0.96,0.96,0.96,0.14,0.14,0.14,0.94,0.94,0.94,0.00,0.00,0.00,0.00,0.00,0.00,0.00,0.00,0.00,0.17,0.17,0.17,469081,627618,817566,505769,662995,851631,0,0,0,0,0,0,0,429672,0,536.13,537.10,537.90
24,1,100,100,100,96336,96336,96336,943,943,943,591,591,591,0.96,0.96,0.96,0.14,0.14,0.14,0.93,0.93,0.93,0.00,0.00,0.00,0.00,0.00,0.00,0.00,0.00,0.00,0.17,0.17,0.17,270675,577377,1197629,303225,612376,1234318,0,0,0,0,0,0,0,319593,0,533.15,533.39,533.76
24,2,100,100,100,96338,96338,96338,941,941,941,591,591,591,0.96,0.96,0.96,0.14,0.14,0.14,0.94,0.94,0.94,0.00,0.00,0.00,0.00,0.00,0.00,0.00,0.00,0.00,0.17,0.17,0.17,340679,561470,843858,374747,597503,880548,0,0,0,0,0,0,0,318951,0,535.14,536.03,536.66
24,3,100,100,100,96332,96332,96332,948,948,948,591,591,591,0.96,0.96,0.96,0.14,0.14,0.14,0.93,0.94,0.94,0.00,0.00,0.00,0.00,0.00,0.00,0.00,0.00,0.00,0.16,0.17,0.17,340633,534420,908695,377317,569993,943549,0,0,0,0,0,0,0,418861,0,523.34,524.32,524.78
25,0,100,100,100,96338,96338,96338,941,941,941,591,591,591,0.96,0.96,0.96,0.14,0.14,0.14,0.94,0.94,0.94,0.00,0.00,0.00,0.00,0.00,0.00,0.00,0.00,0.00,0.17,0.17,0.17,474328,535136,644679,511017,569728,681368,0,0,0,0,0,0,0,432906,0,538.51,539.88,541.75
25,1,100,100,100,96336,96336,96336,943,943,943,591,591,591,0.96,0.96,0.96,0.14,0.14,0.14,0.93,0.93,0.93,0.00,0.00,0.00,0.00,0.00,0.00,0.00,0.00,0.00,0.17,0.17,0.17,351152,400705,458603,382609,435483,495291,0,0,0,0,0,0,0,425848,0,532.92,533.22,533.40
25,2,100,100,100,96338,96338,96338,941,941,941,591,591,591,0.96,0.96,0.96,0.14,0.14,0.14,0.93,0.94,0.94,0.00,0.00,0.00,0.00,0.00,0.00,0.00,0.00,0.00,0.17,0.17,0.17,332816,361115,445495,366884,395707,479562,0,0,0,0,0,0,0,422881,0,531.23,532.90,534.38
25,3,100,100,100,96332,96332,96332,948,948,948,591,591,591,0.96,0.96,0.96,0.14,0.14,0.14,0.93,0.93,0.94,0.00,0.00,0.00,0.00,0.00,0.00,0.00,0.00,0.00,0.17,0.17,0.17,223623,361287,539836,253323,395529,573903,0,0,0,0,0,0,0,418283,0,523.18,523.69,524.67
26,0,100,100,100,96338,96338,96338,941,941,941,591,591,591,0.96,0.96,0.96,0.14,0.14,0.14,0.94,0.94,0.94,0.00,0.00,0.00,0.00,0.00,0.00,0.00,0.00,0.00,0.17,0.17,0.17,482158,771484,1745221,516224,807124,1779287,0,0,0,0,0,0,0,322420,0,538.05,539.46,541.54
26,1,100,100,100,96336,96336,96336,943,943,943,591,591,591,0.96,0.96,0.96,0.14,0.14,0.14,0.93,0.93,0.93,0.00,0.00,0.00,0.00,0.00,0.00,0.00,0.00,0.00,0.17,0.17,0.17,345893,397800,563444,379958,432915,600133,0,0,0,0,0,0,0,425424,0,533.09,533.29,533.51
26,2,100,100,100,96338,96338,96338,941,941,941,591,591,591,0.96,0.96,0.96,0.14,0.14,0.14,0.94,0.94,0.94,0.00,0.00,0.00,0.00,0.00,0.00,0.00,0.00,0.00,0.17,0.17,0.17,343267,563362,1137330,379952,598473,1171397,0,0,0,0,0,0,0,423327,0,530.64,531.42,532.09
26,3,100,100,100,96332,96332,96332,948,948,948,591,591,591,0.96,0.96,0.96,0.14,0.14,0.14,0.93,0.93,0.94,0.00,0.00,0.00,0.00,0.00,0.00,0.00,0.00,0.00,0.17,0.17,0.17,348534,514150,1103254,382601,549265,1139941,0,0,0,0,0,0,0,416762,0,522.50,524.02,524.94
27,0,100,100,100,96338,96338,96338,941,941,941,591,591,591,0.96,0.96,0.96,0.14,0.14,0.14,0.94,0.94,0.94,0.00,0.00,0.00,0.00,0.00,0.00,0.00,0.00,0.00,0.17,0.17,0.17,463686,547170,791418,497743,582166,828107,0,0,0,0,0,0,0,429289,0,536.53,537.08,537.39
27,1,100,100,100,96336,96336,96336,943,943,943,591,591,591,0.96,0.96,0.96,0.14,0.14,0.14,0.93,0.93,0.93,0.00,0.00,0.00,0.00,0.00,0.00,0.00,0.00,0.00,0.17,0.17,0.17,345915,384180,469089,379982,419296,505778,0,0,0,0,0,0,0,479733,0,532.99,533.56,534.22
27,2,100,100,100,96338,96338,96338,941,941,941,591,591,591,0.96,0.96,0.96,0.14,0.14,0.14,0.93,0.94,0.94,0.00,0.00,0.00,0.00,0.00,0.00,0.00,0.00,0.00,0.17,0.17,0.17,227118,422790,778331,258565,457270,812400,0,0,0,0,0,0,0,426743,0,530.25,531.30,533.90
27,3,100,100,100,96332,96332,96332,948,948,948,591,591,591,0.96,0.96,0.96,0.14,0.14,0.14,0.93,0.93,0.94,0.00,0.00,0.00,0.00,0.00,0.00,0.00,0.00,0.00,0.17,0.17,0.17,345913,389414,555559,377360,424005,592247,0,0,0,0,0,0,0,416209,0,520.25,521.19,522.31
28,0,100,100,100,96338,96338,96338,941,941,941,591,591,591,0.96,0.96,0.96,0.14,0.14,0.14,0.94,0.94,0.94,0.00,0.00,0.00,0.00,0.00,0.00,0.00,0.00,0.00,0.17,0.17,0.17,479578,518882,628948,516237,551902,663016,0,0,0,0,0,0,0,432123,0,538.51,540.37,541.41
28,1,100,100,100,96336,96336,96336,943,943,943,591,591,591,0.96,0.96,0.96,0.14,0.14,0.14,0.93,0.93,0.93,0.00,0.00,0.00,0.00,0.00,0.00,0.00,0.00,0.00,0.17,0.17,0.17,285374,533973,1145216,314252,568734,1181905,0,0,0,0,0,0,0,425896,0,533.44,534.27,534.85
28,2,100,100,100,96338,96338,96338,941,941,941,591,591,591,0.96,0.96,0.96,0.14,0.14,0.14,0.93,0.94,0.94,0.00,0.00,0.00,0.00,0.00,0.00,0.00,0.00,0.00,0.17,0.17,0.17,340679,378894,495090,377368,414007,529143,0,0,0,0,0,0,0,428603,0,532.24,533.96,535.12
28,3,100,100,100,96332,96332,96332,948,948,948,591,591,591,0.96,0.96,0.96,0.14,0.14,0.14,0.93,0.94,0.94,0.00,0.00,0.00,0.00,0.00,0.00,0.00,0.00,0.00,0.17,0.17,0.17,228862,349948,521490,260309,384446,558178,0,0,0,0,0,0,0,417306,0,522.32,523.55,524.62
29,0,100,100,100,96338,96338,96338,941,941,941,591,591,591,0.96,0.96,0.96,0.14,0.14,0.14,0.94,0.94,0.94,0.00,0.00,0.00,0.00,0.00,0.00,0.00,0.00,0.00,0.17,0.17,0.17,476918,533022,739019,510983,568137,775708,0,0,0,0,0,0,0,481199,0,535.91,538.85,540.67
29,1,100,100,100,96336,96336,96336,943,943,943,591,591,591,0.96,0.96,0.96,0.14,0.14,0.14,0.93,0.93,0.93,0.00,0.00,0.00,0.00,0.00,0.00,0.00,0.00,0.00,0.17,0.17,0.17,351157,409334,469086,387845,444450,505774,0,0,0,0,0,0,0,425821,0,531.83,532.34,533.02
29,2,100,100,100,96338,96338,96338,941,941,941,591,591,591,0.96,0.96,0.96,0.14,0.14,0.14,0.93,0.94,0.94,0.00,0.00,0.00,0.00,0.00,0.00,0.00,0.00,0.00,0.17,0.17,0.17,338047,612693,1331260,372114,647809,1367948,0,0,0,0,0,0,0,476594,0,531.20,533.37,536.38
29,3,100,100,100,96332,96332,96332,948,948,948,591,591,591,0.96,0.96,0.96,0.14,0.14,0.14,0.93,0.94,0.94,0.00,0.00,0.00,0.00,0.00,0.00,0.00,0.00,0.00,0.17,0.17,0.17,343284,504718,935543,379971,539834,969611,0,0,0,0,0,0,0,470587,0,522.41,523.15,523.90
30,0,100,100,100,96338,96338,96338,941,941,941,591,591,591,0.96,0.96,0.96,0.14,0.14,0.14,0.94,0.94,0.94,0.00,0.00,0.00,0.00,0.00,0.00,0.00,0.00,0.00,0.17,0.17,0.17,172960,683459,1572383,207028,718051,1609072,0,0,0,0,0,0,0,431423,0,535.81,537.50,540.05
30,1,100,100,100,96336,96336,96336,943,943,943,591,591,591,0.96,0.96,0.96,0.14,0.14,0.14,0.93,0.93,0.93,0.00,0.00,0.00,0.00,0.00,0.00,0.00,0.00,0.00,0.17,0.17,0.17,338057,461748,655154,372125,496340,689222,0,0,0,0,0,0,0,424561,0,532.24,532.59,533.15
30,2,100,100,100,96338,96338,96338,941,941,941,591,591,591,0.96,0.96,0.96,0.14,0.14,0.14,0.93,0.93,0.94,0.00,0.00,0.00,0.00,0.00,0.00,0.00,0.00,0.00,0.17,0.17,0.17,327576,379369,539861,364176,414476,573930,0,0,0,0,0,0,0,422376,0,529.52,530.98,532.71
30,3,100,100,100,96332,96332,96332,948,948,948,591,591,591,0.96,0.96,0.96,0.14,0.14,0.14,0.93,0.94,0.94,0.00,0.00,0.00,0.00,0.00,0.00,0.00,0.00,0.00,0.17,0.17,0.17,340673,358487,390464,377361,394126,427152,0,0,0,0,0,0,0,314634,0,523.44,524.08,524.32
31,0,100,100,100,96338,96338,96338,941,941,941,591,591,591,0.96,0.96,0.96,0.14,0.14,0.14,0.94,0.94,0.94,0.00,0.00,0.00,0.00,0.00,0.00,0.00,0.00,0.00,0.16,0.17,0.18,477083,549267,806231,510607,584795,841521,0,0,0,0,0,0,0,429048,0,537.80,539.58,540.45
31,1,100,100,100,96336,96336,96336,943,943,943,591,591,591,0.96,0.96,0.96,0.14,0.14,0.14,0.93,0.93,0.93,0.00,0.00,0.00,0.00,0.00,0.00,0.00,0.00,0.00,0.17,0.17,0.17,348536,572327,1229059,379982,608490,1265747,0,0,0,0,0,0,0,373084,0,531.79,532.91,533.45
31,2,100,100,100,96338,96338,96338,941,941,941,591,591,591,0.96,0.96,0.96,0.14,0.14,0.14,0.93,0.94,0.94,0.00,0.00,0.00,0.00,0.00,0.00,0.00,0.00,0.00,0.17,0.17,0.17,286518,410553,623685,317965,445669,662993,0,0,0,0,0,0,0,319058,0,530.67,532.76,534.50
31,3,100,100,100,96332,96332,96332,948,948,948,591,591,591,0.96,0.96,0.96,0.14,0.14,0.14,0.93,0.93,0.94,0.00,0.00,0.00,0.00,0.00,0.00,0.00,0.00,0.00,0.17,0.17,0.17,314415,427210,773067,353717,462283,807134,0,0,0,0,0,0,0,417336,0,522.29,522.90,523.39
32,0,100,100,100,96338,96338,96338,941,941,941,591,591,591,0.96,0.96,0.96,0.14,0.14,0.14,0.94,0.94,0.94,0.00,0.00,0.00,0.00,0.00,0.00,0.00,0.00,0.00,0.17,0.17,0.17,594885,656548,770466,631574,693237,809775,0,0,0,0,0,0,0,430833,0,535.26,536.35,538.02
32,1,100,100,100,96336,96336,96336,943,943,943,591,591,591,0.96,0.96,0.96,0.14,0.14,0.14,0.93,0.93,0.93,0.00,0.00,0.00,0.00,0.00,0.00,0.00,0.00,0.00,0.17,0.17,0.17,353774,455623,610597,387842,491239,647286,0,0,0,0,0,0,0,425117,0,532.47,532.92,533.49
32,2,100,100,100,96338,96338,96338,941,941,941,591,591,591,0.96,0.96,0.96,0.14,0.14,0.14,0.93,0.94,0.94,0.00,0.00,0.00,0.00,0.00,0.00,0.00,0.00,0.00,0.17,0.17,0.17,343302,418769,597487,377370,454409,634175,0,0,0,0,0,0,0,426991,0,531.06,532.15,533.06
32,3,100,100,100,96332,96332,96332,948,948,948,591,591,591,0.96,0.96,0.96,0.14,0.14,0.14,0.93,0.93,0.94,0.00,0.00,0.00,0.00,0.00,0.00,0.00,0.00,0.00,0.17,0.17,0.17,345926,472744,728526,382615,508907,765214,0,0,0,0,0,0,0,414417,0,519.59,520.62,521.52
33,0,100,100,100,96338,96338,96338,941,941,941,591,591,591,0.96,0.96,0.96,0.14,0.14,0.14,0.94,0.94,0.94,0.00,0.00,0.00,0.00,0.00,0.00,0.00,0.00,0.00,0.17,0.17,0.17,463849,487434,531992,500538,522813,566061,0,0,0,0,0,0,0,377184,0,539.91,540.25,540.73
33,1,100,100,100,96336,96336,96336,943,943,943,591,591,591,0.96,0.96,0.96,0.14,0.14,0.14,0.93,0.93,0.93,0.00,0.00,0.00,0.00,0.00,0.00,0.00,0.00,0.00,0.17,0.17,0.17,227107,371249,542471,258552,405316,576539,0,0,0,0,0,0,0,423047,0,530.11,530.87,531.85
33,2,100,100,100,96338,96338,96338,941,941,941,591,591,591,0.96,0.96,0.96,0.14,0.14,0.14,0.93,0.93,0.94,0.00,0.00,0.00,0.00,0.00,0.00,0.00,0.00,0.00,0.17,0.17,0.17,340675,751434,1451708,377363,786156,1488393,0,0,0,0,0,0,0,422623,0,528.32,530.34,532.00
33,3,100,100,100,96332,96332,96332,948,948,948,591,591,591,0.96,0.96,0.96,0.14,0.14,0.14,0.93,0.93,0.94,0.00,0.00,0.00,0.00,0.00,0.00,0.00,0.00,0.00,0.17,0.17,0.17,0,538307,1016768,31444,571718,1053456,0,0,0,0,0,0,0,416478,0,521.58,522.60,523.38
34,0,100,100,100,96338,96338,96338,941,941,941,591,591,591,0.96,0.96,0.96,0.14,0.14,0.14,0.94,0.94,0.94,0.00,0.00,0.00,0.00,0.00,0.00,0.00,0.00,0.00,0.17,0.17,0.17,170343,702297,1569604,196550,735317,1601049,0,0,0,0,0,0,0,431810,0,540.04,540.37,540.89
34,1,100,100,100,96336,96336,96336,943,943,943,591,591,591,0.96,0.96,0.96,0.14,0.14,0.14,0.93,0.93,0.93,0.00,0.00,0.00,0.00,0.00,0.00,0.00,0.00,0.00,0.17,0.17,0.17,361641,476424,791425,395708,511016,825493,0,0,0,0,0,0,0,477610,0,529.92,530.42,531.44
34,2,100,100,100,96338,96338,96338,941,941,941,591,591,591,0.96,0.96,0.96,0.14,0.14,0.14,0.93,0.94,0.94,0.00,0.00,0.00,0.00,0.00,0.00,0.00,0.00,0.00,0.17,0.17,0.17,335766,434532,589644,369602,470124,623712,0,0,0,0,0,0,0,423438,0,528.31,529.23,530.59
34,3,100,100,100,96332,96332,96332,948,948,948,591,591,591,0.96,0.96,0.96,0.14,0.14,0.14,0.93,0.93,0.94,0.00,0.00,0.00,0.00,0.00,0.00,0.00,0.00,0.00,0.17,0.17,0.17,338049,499310,956503,374736,534859,990570,0,0,0,0,0,0,0,416720,0,522.63,522.88,523.20
35,0,100,100,100,96338,96338,96338,941,941,941,591,591,591,0.96,0.96,0.96,0.14,0.14,0.14,0.94,0.94,0.94,0.00,0.00,0.00,0.00,0.00,0.00,0.00,0.00,0.00,0.17,0.17,0.17,467211,510946,578730,503752,546039,612020,0,0,0,0,0,0,0,432330,0,540.92,541.04,541.19
35,1,100,100,100,96336,96336,96336,943,943,943,591,591,591,0.96,0.96,0.96,0.14,0.14,0.14,0.93,0.93,0.93,0.00,0.00,0.00,0.00,0.00,0.00,0.00,0.00,0.00,0.17,0.17,0.17,332746,579596,1360080,366806,614653,1396768,0,0,0,0,0,0,0,424361,0,530.69,531.05,531.41
35,2,100,100,100,96338,96338,96338,941,941,941,591,591,591,0.96,0.96,0.96,0.14,0.14,0.14,0.93,0.94,0.94,0.00,0.00,0.00,0.00,0.00,0.00,0.00,0.00,0.00,0.17,0.17,0.17,343297,488994,712775,377365,524110,746842,0,0,0,0,0,0,0,422885,0,530.58,531.34,532.40
35,3,100,100,100,96332,96332,96332,948,948,948,591,591,591,0.96,0.96,0.96,0.14,0.14,0.14,0.93,0.93,0.94,0.00,0.00,0.00,0.00,0.00,0.00,0.00,0.00,0.00,0.17,0.17,0.17,348532,388348,516210,379979,423462,552895,0,0,0,0,0,0,0,416973,0,521.84,522.39,523.04
36,0,100,100,100,96338,96338,96338,941,941,941,591,591,591,0.96,0.96,0.96,0.14,0.14,0.14,0.94,0.94,0.94,0.00,0.00,0.00,0.00,0.00,0.00,0.00,0.00,0.00,0.17,0.17,0.17,484774,600441,736403,518839,635905,773092,0,0,0,0,0,0,0,431428,0,540.50,540.79,541.08
36,1,100,100,100,96336,96336,96336,943,943,943,591,591,591,0.96,0.96,0.96,0.14,0.14,0.14,0.93,0.93,0.93,0.00,0.00,0.00,0.00,0.00,0.00,0.00,0.00,0.00,0.17,0.17,0.17,348532,402511,458565,382599,438150,492629,0,0,0,0,0,0,0,423858,0,529.99,530.35,530.82
36,2,100,100,100,96338,96338,96338,941,941,941,591,591,591,0.96,0.96,0.96,0.14,0.14,0.14,0.93,0.94,0.94,0.00,0.00,0.00,0.00,0.00,0.00,0.00,0.00,0.00,0.17,0.17,0.17,136274,527257,1336492,167722,561325,1373180,0,0,0,0,0,0,0,424236,0,528.98,529.51,530.67
36,3,100,100,100,96332,96332,96332,948,948,948,591,591,591,0.96,0.96,0.96,0.14,0.14,0.14,0.93,0.93,0.93,0.00,0.00,0.00,0.00,0.00,0.00,0.00,0.00,0.00,0.17,0.17,0.17,0,471695,1050814,31446,506286,1084880,0,0,0,0,0,0,0,466769,0,519.09,520.53,522.34
37,0,100,100,100,96338,96338,96338,941,941,941,591,591,591,0.96,0.96,0.96,0.14,0.14,0.14,0.94,0.94,0.94,0.00,0.00,0.00,0.00,0.00,0.00,0.00,0.00,0.00,0.17,0.17,0.17,165097,644680,1611723,199164,679796,1648412,0,0,0,0,0,0,0,485918,0,540.36,540.41,540.46
37,1,100,100,100,96336,96336,96336,943,943,943,591,591,591,0.96,0.96,0.96,0.14,0.14,0.14,0.93,0.93,0.93,0.00,0.00,0.00,0.00,0.00,0.00,0.00,0.00,0.00,0.17,0.17,0.17,348535,407763,482191,379991,441831,516259,0,0,0,0,0,0,0,424092,0,530.16,530.48,531.02
37,2,100,100,100,96338,96338,96338,941,941,941,591,591,591,0.96,0.96,0.96,0.14,0.14,0.14,0.93,0.94,0.94,0.00,0.00,0.00,0.00,0.00,0.00,0.00,0.00,0.00,0.16,0.17,0.17,335463,444175,722465,371314,478622,758041,0,0,0,0,0,0,0,317717,0,531.60,531.77,532.18
37,3,100,100,100,96332,96332,96332,948,948,948,591,591,591,0.96,0.96,0.96,0.14,0.14,0.14,0.93,0.93,0.94,0.00,0.00,0.00,0.00,0.00,0.00,0.00,0.00,0.00,0.17,0.17,0.17,345920,434489,775676,379988,469080,812364,0,0,0,0,0,0,0,312381,0,519.37,520.58,522.02
38,0,100,100,100,96338,96338,96338,941,941,941,591,591,591,0.96,0.96,0.96,0.14,0.14,0.14,0.94,0.94,0.94,0.00,0.00,0.00,0.00,0.00,0.00,0.00,0.00,0.00,0.17,0.17,0.17,476955,559409,666489,511023,594393,702516,0,0,0,0,0,0,0,432208,0,540.57,540.84,541.14
38,1,100,100,100,96336,96336,96336,943,943,943,591,591,591,0.96,0.96,0.96,0.14,0.14,0.14,0.93,0.93,0.93,0.00,0.00,0.00,0.00,0.00,0.00,0.00,0.00,0.00,0.17,0.17,0.17,2620,490048,1341727,36686,525164,1375794,0,0,0,0,0,0,0,372217,0,530.46,531.39,532.48
38,2,100,100,100,96338,96338,96338,941,941,941,591,591,591,0.96,0.96,0.96,0.14,0.14,0.14,0.93,0.94,0.94,0.00,0.00,0.00,0.00,0.00,0.00,0.00,0.00,0.00,0.17,0.17,0.18,340679,403559,621033,377367,439198,657718,0,0,0,0,0,0,0,421762,0,529.66,530.54,531.98
38,3,100,100,100,96332,96332,96332,948,948,948,591,591,591,0.96,0.96,0.96,0.14,0.14,0.14,0.93,0.93,0.93,0.00,0.00,0.00,0.00,0.00,0.00,0.00,0.00,0.00,0.16,0.17,0.17,334304,398018,616451,371746,433017,649842,0,0,0,0,0,0,0,414494,0,520.31,521.66,522.51
39,0,100,100,100,96338,96338,96338,941,941,941,591,591,591,0.96,0.96,0.96,0.14,0.14,0.14,0.94,0.94,0.94,0.00,0.00,0.00,0.00,0.00,0.00,0.00,0.00,0.00,0.17,0.17,0.17,465637,551924,782664,500426,586173,812363,0,0,0,0,0,0,0,430531,0,539.82,540.85,541.19
39,1,100,100,100,96336,96336,96336,943,943,943,591,591,591,0.96,0.96,0.96,0.14,0.14,0.14,0.93,0.93,0.93,0.00,0.00,0.00,0.00,0.00,0.00,0.00,0.00,0.00,0.17,0.17,0.18,337031,533806,861037,374478,568927,897677,0,0,0,0,0,0,0,425362,0,531.52,531.84,532.15
39,2,100,100,100,96338,96338,96338,941,941,941,591,591,591,0.96,0.96,0.96,0.14,0.14,0.14,0.93,0.94,0.94,0.00,0.00,0.00,0.00,0.00,0.00,0.00,0.00,0.00,0.17,0.17,0.17,361650,649905,1375791,395719,685021,1412478,0,0,0,0,0,0,0,476167,0,530.30,531.10,532.16
39,3,100,100,100,96332,96332,96332,948,948,948,591,591,591,0.96,0.96,0.96,0.14,0.14,0.14,0.93,0.93,0.93,0.00,0.00,0.00,0.00,0.00,0.00,0.00,0.00,0.00,0.17,0.17,0.17,345914,491630,875297,379981,526747,909366,0,0,0,0,0,0,0,466482,0,519.06,519.36,519.59
40,0,100,100,100,96338,96338,96338,941,941,941,591,591,591,0.96,0.96,0.96,0.14,0.14,0.14,0.94,0.94,0.94,0.00,0.00,0.00,0.00,0.00,0.00,0.00,0.00,0.00,0.17,0.17,0.17,479566,531461,733767,513637,566577,767834,0,0,0,0,0,0,0,485765,0,537.88,538.32,538.95
40,1,100,100,100,96336,96336,96336,943,943,943,591,591,591,0.96,0.96,0.96,0.14,0.14,0.14,0.93,0.93,0.93,0.00,0.00,0.00,0.00,0.00,0.00,0.00,0.00,0.00,0.17,0.17,0.17,345911,388889,466460,382598,424004,503148,0,0,0,0,0,0,0,425677,0,532.55,532.73,533.02
40,2,100,100,100,96338,96338,96338,941,941,941,591,591,591,0.96,0.96,0.96,0.14,0.14,0.14,0.93,0.94,0.94,0.00,0.00,0.00,0.00,0.00,0.00,0.00,0.00,0.00,0.16,0.17,0.17,219819,507301,943497,250491,541579,979391,0,0,0,0,0,0,0,424438,0,529.43,530.91,532.09
40,3,100,100,100,96332,96332,96332,948,948,948,591,591,591,0.96,0.96,0.96,0.14,0.14,0.14,0.93,0.93,0.94,0.00,0.00,0.00,0.00,0.00,0.00,0.00,0.00,0.00,0.17,0.17,0.17,340687,483218,841128,374756,518857,877813,0,0,0,0,0,0,0,416625,0,519.13,520.15,521.61
41,0,100,100,100,96338,96338,96338,941,941,941,591,591,591,0.96,0.96,0.96,0.14,0.14,0.14,0.94,0.94,0.94,0.00,0.00,0.00,0.00,0.00,0.00,0.00,0.00,0.00,0.17,0.17,0.17,178203,749483,1640487,212271,785122,1674554,0,0,0,0,0,0,0,325092,0,540.37,541.65,542.60
41,1,100,100,100,96336,96336,96336,943,943,943,591,591,591,0.96,0.96,0.96,0.14,0.14,0.14,0.93,0.93,0.93,0.00,0.00,0.00,0.00,0.00,0.00,0.00,0.00,0.00,0.17,0.17,0.17,348538,398146,462966,382606,433087,496160,0,0,0,0,0,0,0,479075,0,532.75,533.21,533.59
41,2,100,100,100,96338,96338,96338,941,941,941,591,591,591,0.96,0.96,0.96,0.14,0.14,0.14,0.93,0.94,0.94,0.00,0.00,0.00,0.00,0.00,0.00,0.00,0.00,0.00,0.17,0.17,0.17,340681,447645,615834,377370,483438,649901,0,0,0,0,0,0,0,421720,0,530.34,531.47,532.91
41,3,100,100,100,96332,96332,96332,948,948,948,591,591,591,0.96,0.96,0.96,0.14,0.14,0.14,0.93,0.93,0.93,0.00,0.00,0.00,0.00,0.00,0.00,0.00,0.00,0.00,0.17,0.17,0.17,330158,445734,850286,366842,480272,884090,0,0,0,0,0,0,0,417123,0,521.12,521.62,522.07
42,0,100,100,100,96338,96338,96338,941,941,941,591,591,591,0.96,0.96,0.96,0.14,0.14,0.14,0.94,0.94,0.94,0.00,0.00,0.00,0.00,0.00,0.00,0.00,0.00,0.00,0.17,0.17,0.17,453320,552451,833552,487385,586978,864680,0,0,0,0,0,0,0,433131,0,542.19,542.32,542.65
42,1,100,100,100,96336,96336,96336,943,943,943,591,591,591,0.96,0.96,0.96,0.14,0.14,0.14,0.93,0.93,0.93,0.00,0.00,0.00,0.00,0.00,0.00,0.00,0.00,0.00,0.17,0.17,0.18,338840,651250,1349618,371960,686868,1386307,0,0,0,0,0,0,0,424697,0,531.61,531.89,532.31
42,2,100,100,100,96338,96338,96338,941,941,941,591,591,591,0.96,0.96,0.96,0.14,0.14,0.14,0.93,0.94,0.94,0.00,0.00,0.00,0.00,0.00,0.00,0.00,0.00,0.00,0.17,0.17,0.17,366883,647285,1336501,403572,682401,1370568,0,0,0,0,0,0,0,474894,0,528.84,529.50,530.11
42,3,100,100,100,96332,96332,96332,948,948,948,591,591,591,0.96,0.96,0.96,0.14,0.14,0.14,0.93,0.93,0.94,0.00,0.00,0.00,0.00,0.00,0.00,0.00,0.00,0.00,0.17,0.17,0.17,338044,494583,1037739,377352,529698,1074427,0,0,0,0,0,0,0,468291,0,521.72,523.14,523.69
43,0,100,100,100,96338,96338,96338,941,941,941,591,591,591,0.96,0.96,0.96,0.14,0.14,0.14,0.94,0.94,0.94,0.00,0.00,0.00,0.00,0.00,0.00,0.00,0.00,0.00,0.17,0.17,0.17,482190,533556,723290,516258,569197,757359,0,0,0,0,0,0,0,431399,0,539.95,541.64,542.49
43,1,100,100,100,96336,96336,96336,943,943,943,591,591,591,0.96,0.96,0.96,0.14,0.14,0.14,0.93,0.93,0.93,0.00,0.00,0.00,0.00,0.00,0.00,0.00,0.00,0.00,0.17,0.17,0.17,348532,472742,676103,385220,507858,710170,0,0,0,0,0,0,0,423386,0,530.54,531.09,531.42
43,2,100,100,100,96338,96338,96338,941,941,941,591,591,591,0.96,0.96,0.96,0.14,0.14,0.14,0.93,0.93,0.94,0.00,0.00,0.00,0.00,0.00,0.00,0.00,0.00,0.00,0.17,0.17,0.17,338053,410909,589642,374741,446549,623710,0,0,0,0,0,0,0,422445,0,527.63,529.25,530.57
43,3,100,100,100,96332,96332,96332,948,948,948,591,591,591,0.96,0.96,0.96,0.14,0.14,0.14,0.93,0.93,0.93,0.00,0.00,0.00,0.00,0.00,0.00,0.00,0.00,0.00,0.17,0.17,0.17,335432,354818,379961,369499,389933,414027,0,0,0,0,0,0,0,311065,0,519.30,519.80,520.62
44,0,100,100,100,96338,96338,96338,941,941,941,591,591,591,0.96,0.96,0.96,0.14,0.14,0.14,0.94,0.94,0.94,0.00,0.00,0.00,0.00,0.00,0.00,0.00,0.00,0.00,0.17,0.17,0.17,458603,566692,749430,495291,601415,780875,0,0,0,0,0,0,0,484568,0,537.89,538.35,539.09
44,1,100,100,100,96336,96336,96336,943,943,943,591,591,591,0.96,0.96,0.96,0.14,0.14,0.14,0.93,0.93,0.93,0.00,0.00,0.00,0.00,0.00,0.00,0.00,0.00,0.00,0.17,0.17,0.17,345916,401604,516248,379984,436327,550315,0,0,0,0,0,0,0,478432,0,530.93,531.44,532.38
44,2,100,100,100,96338,96338,96338,941,941,941,591,591,591,0.96,0.96,0.96,0.14,0.14,0.14,0.93,0.94,0.94,0.00,0.00,0.00,0.00,0.00,0.00,0.00,0.00,0.00,0.17,0.17,0.17,338313,453564,697068,371632,487795,733756,0,0,0,0,0,0,0,318495,0,529.87,531.29,533.11
44,3,100,100,100,96332,96332,96332,948,948,948,591,591,591,0.96,0.96,0.96,0.14,0.14,0.14,0.93,0.93,0.93,0.00,0.00,0.00,0.00,0.00,0.00,0.00,0.00,0.00,0.17,0.17,0.17,345910,421255,568656,379977,455977,605343,0,0,0,0,0,0,0,415608,0,519.24,519.97,520.67
45,0,100,100,100,96338,96338,96338,941,941,941,591,591,591,0.96,0.96,0.96,0.14,0.14,0.14,0.94,0.94,0.94,0.00,0.00,0.00,0.00,0.00,0.00,0.00,0.00,0.00,0.17,0.17,0.17,180822,693412,1569736,214890,728529,1603804,0,0,0,0,0,0,0,431192,0,539.34,540.23,540.88
45,1,100,100,100,96336,96336,96336,943,943,943,591,591,591,0.96,0.96,0.96,0.14,0.14,0.14,0.93,0.93,0.93,0.00,0.00,0.00,0.00,0.00,0.00,0.00,0.00,0.00,0.17,0.17,0.17,128410,520101,1116377,165099,554169,1147825,0,0,0,0,0,0,0,318926,0,532.46,532.81,533.24
45,2,100,100,100,96338,96338,96338,941,941,941,591,591,591,0.96,0.96,0.96,0.14,0.14,0.14,0.93,0.93,0.94,0.00,0.00,0.00,0.00,0.00,0.00,0.00,0.00,0.00,0.17,0.17,0.17,345913,381033,442877,379981,415625,479565,0,0,0,0,0,0,0,422422,0,528.31,530.44,532.68
45,3,100,100,100,96332,96332,96332,948,948,948,591,591,591,0.96,0.96,0.96,0.14,0.14,0.14,0.93,0.93,0.94,0.00,0.00,0.00,0.00,0.00,0.00,0.00,0.00,0.00,0.17,0.17,0.17,216628,394880,568620,248074,428935,600065,0,0,0,0,0,0,0,416771,0,520.90,522.08,523.15
46,0,100,100,100,96338,96338,96338,941,941,941,591,591,591,0.96,0.96,0.96,0.14,0.14,0.14,0.94,0.94,0.94,0.00,0.00,0.00,0.00,0.00,0.00,0.00,0.00,0.00,0.17,0.17,0.17,469090,577869,805425,503158,611273,836874,0,0,0,0,0,0,0,432456,0,540.41,541.15,541.93
46,1,100,100,100,96336,96336,96336,943,943,943,591,591,591,0.96,0.96,0.96,0.14,0.14,0.14,0.93,0.93,0.93,0.00,0.00,0.00,0.00,0.00,0.00,0.00,0.00,0.00,0.16,0.17,0.18,331149,486781,1040230,365747,522359,1076485,0,0,0,0,0,0,0,423578,0,530.82,531.85,532.99
46,2,100,100,100,96338,96338,96338,941,941,941,591,591,591,0.96,0.96,0.96,0.14,0.14,0.14,0.93,0.94,0.94,0.00,0.00,0.00,0.00,0.00,0.00,0.00,0.00,0.00,0.17,0.17,0.17,343296,631559,1346981,379984,666675,1381049,0,0,0,0,0,0,0,425267,0,526.43,529.35,532.27
46,3,100,100,100,96332,96332,96332,948,948,948,591,591,591,0.96,0.96,0.96,0.14,0.14,0.14,0.93,0.94,0.94,0.00,0.00,0.00,0.00,0.00,0.00,0.00,0.00,0.00,0.17,0.17,0.17,335426,470129,972235,369493,505769,1006303,0,0,0,0,0,0,0,471520,0,520.62,522.13,524.25
48,0,100,100,100,96338,96338,96338,941,941,941,591,591,591,0.96,0.96,0.96,0.14,0.14,0.14,0.94,0.94,0.94,0.00,0.00,0.00,0.00,0.00,0.00,0.00,0.00,0.00,0.17,0.17,0.17,15723,599602,1711306,49792,634718,1745374,0,0,0,0,0,0,0,918471,0,540.14,541.45,542.07
48,1,100,100,100,96336,96336,96336,943,943,943,591,591,591,0.96,0.96,0.96,0.14,0.14,0.14,0.93,0.93,0.93,0.00,0.00,0.00,0.00,0.00,0.00,0.00,0.00,0.00,0.17,0.17,0.17,112675,455107,1250016,146739,489699,1286704,0,0,0,0,0,0,0,1009060,0,529.99,531.34,533.14
48,2,100,100,100,96338,96338,96338,941,941,941,591,591,591,0.96,0.96,0.96,0.14,0.14,0.14,0.93,0.94,0.94,0.00,0.00,0.00,0.00,0.00,0.00,0.00,0.00,0.00,0.16,0.17,0.17,224401,429376,715414,255472,463929,749482,0,0,0,0,0,0,0,957747,0,530.43,533.23,535.46
48,3,100,100,100,96332,96332,96332,948,948,948,591,591,591,0.96,0.96,0.96,0.14,0.14,0.14,0.93,0.93,0.94,0.00,0.00,0.00,0.00,0.00,0.00,0.00,0.00,0.00,0.17,0.17,0.17,295197,393606,649842,324891,427954,686527,0,0,0,0,0,0,0,939122,0,521.37,523.77,525.78
49,0,100,100,100,96338,96338,96338,941,941,941,591,591,591,0.96,0.96,0.96,0.14,0.14,0.14,0.94,0.94,0.94,0.00,0.00,0.00,0.00,0.00,0.00,0.00,0.00,0.00,0.17,0.17,0.17,487442,587533,778334,521511,622125,815023,0,0,0,0,0,0,0,431512,0,539.31,539.70,540.62
49,1,100,100,100,96336,96336,96336,943,943,943,591,591,591,0.96,0.96,0.96,0.14,0.14,0.14,0.93,0.93,0.93,0.00,0.00,0.00,0.00,0.00,0.00,0.00,0.00,0.00,0.16,0.17,0.17,334172,352478,382603,366835,386789,419291,0,0,0,0,0,0,0,424807,0,532.07,532.44,532.90
49,2,100,100,100,96338,96338,96338,941,941,941,591,591,591,0.96,0.96,0.96,0.14,0.14,0.14,0.93,0.94,0.94,0.00,0.00,0.00,0.00,0.00,0.00,0.00,0.00,0.00,0.17,0.17,0.17,351160,555041,1315539,382607,590156,1352227,0,0,0,0,0,0,0,476833,0,529.57,530.46,531.54
49,3,100,100,100,96332,96332,96332,948,948,948,591,591,591,0.96,0.96,0.96,0.14,0.14,0.14,0.93,0.93,0.94,0.00,0.00,0.00,0.00,0.00,0.00,0.00,0.00,0.00,0.17,0.17,0.17,359015,557657,817643,395703,593296,851711,0,0,0,0,0,0,0,466091,0,520.16,521.00,521.59
50,0,100,100,100,96338,96338,96338,941,941,941,591,591,591,0.96,0.96,0.96,0.14,0.14,0.14,0.94,0.94,0.94,0.00,0.00,0.00,0.00,0.00,0.00,0.00,0.00,0.00,0.17,0.17,0.17,479562,540748,649394,513629,575721,682762,0,0,0,0,0,0,0,432443,0,540.59,541.10,541.67
50,1,100,100,100,96336,96336,96336,943,943,943,591,591,591,0.96,0.96,0.96,0.14,0.14,0.14,0.93,0.93,0.93,0.00,0.00,0.00,0.00,0.00,0.00,0.00,0.00,0.00,0.17,0.17,0.17,356006,495587,769890,390804,530692,805818,0,0,0,0,0,0,0,425473,0,532.20,532.51,532.76
50,2,100,100,100,96338,96338,96338,941,941,941,591,591,591,0.96,0.96,0.96,0.14,0.14,0.14,0.93,0.93,0.94,0.00,0.00,0.00,0.00,0.00,0.00,0.00,0.00,0.00,0.17,0.17,0.17,353779,486373,689208,390468,521488,723275,0,0,0,0,0,0,0,422609,0,527.34,528.81,530.25
50,3,100,100,100,96332,96332,96332,948,948,948,591,591,591,0.96,0.96,0.96,0.14,0.14,0.14,0.93,0.93,0.94,0.00,0.00,0.00,0.00,0.00,0.00,0.00,0.00,0.00,0.17,0.17,0.17,343298,494228,864723,377365,528819,901408,0,0,0,0,0,0,0,313001,0,519.32,520.31,521.75
51,0,100,100,100,96338,96338,96338,941,941,941,591,591,591,0.96,0.96,0.96,0.14,0.14,0.14,0.94,0.94,0.94,0.00,0.00,0.00,0.00,0.00,0.00,0.00,0.00,0.00,0.17,0.17,0.17,477426,526198,626327,513951,561535,660395,0,0,0,0,0,0,0,434479,0,541.73,542.49,543.74
51,1,100,100,100,96336,96336,96336,943,943,943,591,591,591,0.96,0.96,0.96,0.14,0.14,0.14,0.93,0.93,0.93,0.00,0.00,0.00,0.00,0.00,0.00,0.00,0.00,0.00,0.17,0.17,0.17,353777,396364,516257,387844,431742,552945,0,0,0,0,0,0,0,477250,0,532.06,532.23,532.55
51,2,100,100,100,96338,96338,96338,941,941,941,591,591,591,0.96,0.96,0.96,0.14,0.14,0.14,0.93,0.94,0.94,0.00,0.00,0.00,0.00,0.00,0.00,0.00,0.00,0.00,0.16,0.17,0.17,243697,382943,600394,275029,416979,635712,0,0,0,0,0,0,0,316808,0,527.35,528.74,529.62
51,3,100,100,100,96332,96332,96332,948,948,948,591,591,591,0.96,0.96,0.96,0.14,0.14,0.14,0.93,0.93,0.93,0.00,0.00,0.00,0.00,0.00,0.00,0.00,0.00,0.00,0.17,0.17,0.17,343295,415358,618461,377362,450735,655150,0,0,0,0,0,0,0,413457,0,518.23,520.29,521.34
52,0,100,100,100,96338,96338,96338,941,941,941,591,591,591,0.96,0.96,0.96,0.14,0.14,0.14,0.94,0.94,0.94,0.00,0.00,0.00,0.00,0.00,0.00,0.00,0.00,0.00,0.17,0.17,0.17,209651,705237,1580239,246340,741413,1614307,0,0,0,0,0,0,0,433695,0,542.97,543.58,543.86
52,1,100,100,100,96336,96336,96336,943,943,943,591,591,591,0.96,0.96,0.96,0.14,0.14,0.14,0.93,0.93,0.93,0.00,0.00,0.00,0.00,0.00,0.00,0.00,0.00,0.00,0.17,0.17,0.17,337182,624042,1105864,368630,659682,1142551,0,0,0,0,0,0,0,317638,0,530.79,531.30,531.81
52,2,100,100,100,96338,96338,96338,941,941,941,591,591,591,0.96,0.96,0.96,0.14,0.14,0.14,0.93,0.93,0.94,0.00,0.00,0.00,0.00,0.00,0.00,0.00,0.00,0.00,0.17,0.17,0.17,340675,396755,526733,374743,432919,563421,0,0,0,0,0,0,0,476381,0,526.62,527.94,529.45
52,3,100,100,100,96332,96332,96332,948,948,948,591,591,591,0.96,0.96,0.96,0.14,0.14,0.14,0.93,0.93,0.93,0.00,0.00,0.00,0.00,0.00,0.00,0.00,0.00,0.00,0.17,0.17,0.17,228861,438432,817444,258560,473632,856744,0,0,0,0,0,0,0,466732,0,518.22,518.90,519.53
53,0,100,100,100,96338,96338,96338,941,941,941,591,591,591,0.96,0.96,0.96,0.14,0.14,0.14,0.94,0.94,0.94,0.00,0.00,0.00,0.00,0.00,0.00,0.00,0.00,0.00,0.17,0.17,0.17,479568,635942,862159,513636,670010,898846,0,0,0,0,0,0,0,433664,0,542.68,542.78,542.99
53,1,100,100,100,96336,96336,96336,943,943,943,591,591,591,0.96,0.96,0.96,0.14,0.14,0.14,0.93,0.93,0.93,0.00,0.00,0.00,0.00,0.00,0.00,0.00,0.00,0.00,0.17,0.17,0.17,336310,391691,526736,372252,426557,560303,0,0,0,0,0,0,0,425111,0,531.19,531.70,532.49
53,2,100,100,100,96338,96338,96338,941,941,941,591,591,591,0.96,0.96,0.96,0.14,0.14,0.14,0.93,0.94,0.94,0.00,0.00,0.00,0.00,0.00,0.00,0.00,0.00,0.00,0.17,0.17,0.17,345915,634171,1362692,382603,669286,1399380,0,0,0,0,0,0,0,422119,0,527.58,528.94,530.97
53,3,100,100,100,96332,96332,96332,948,948,948,591,591,591,0.96,0.96,0.96,0.14,0.14,0.14,0.93,0.93,0.93,0.00,0.00,0.00,0.00,0.00,0.00,0.00,0.00,0.00,0.17,0.17,0.17,345917,533536,1087506,379985,569176,1124193,0,0,0,0,0,0,0,414964,0,519.46,519.71,520.12
54,0,100,100,100,96338,96338,96338,941,941,941,591,591,591,0.96,0.96,0.96,0.14,0.14,0.14,0.94,0.94,0.94,0.00,0.00,0.00,0.00,0.00,0.00,0.00,0.00,0.00,0.17,0.17,0.17,445391,516150,615450,479450,551167,651653,0,0,0,0,0,0,0,434660,0,543.91,544.35,544.95
54,1,100,100,100,96336,96336,96336,943,943,943,591,591,591,0.96,0.96,0.96,0.14,0.14,0.14,0.93,0.93,0.93,0.00,0.00,0.00,0.00,0.00,0.00,0.00,0.00,0.00,0.17,0.17,0.17,347911,455334,736386,382702,490594,770454,0,0,0,0,0,0,0,424675,0,532.10,532.85,533.20
54,2,100,100,100,96338,96338,96338,941,941,941,591,591,591,0.96,0.96,0.96,0.14,0.14,0.14,0.93,0.94,0.94,0.00,0.00,0.00,0.00,0.00,0.00,0.00,0.00,0.00,0.16,0.17,0.17,280959,472557,712793,311986,506405,746861,0,0,0,0,0,0,0,422764,0,530.12,531.60,533.05
54,3,100,100,100,96332,96332,96332,948,948,948,591,591,591,0.96,0.96,0.96,0.14,0.14,0.14,0.93,0.93,0.93,0.00,0.00,0.00,0.00,0.00,0.00,0.00,0.00,0.00,0.17,0.17,0.17,343301,404097,560823,377369,439214,597512,0,0,0,0,0,0,0,414004,0,519.16,519.55,520.03
55,0,100,100,100,96338,96338,96338,941,941,941,591,591,591,0.96,0.96,0.96,0.14,0.14,0.14,0.94,0.94,0.94,0.00,0.00,0.00,0.00,0.00,0.00,0.00,0.00,0.00,0.17,0.17,0.17,476946,538271,754732,513635,573387,791421,0,0,0,0,0,0,0,378921,0,541.99,543.03,543.66
55,1,100,100,100,96336,96336,96336,943,943,943,591,591,591,0.96,0.96,0.96,0.14,0.14,0.14,0.93,0.93,0.93,0.00,0.00,0.00,0.00,0.00,0.00,0.00,0.00,0.00,0.17,0.17,0.17,359017,546301,925931,393084,580369,957377,0,0,0,0,0,0,0,478814,0,531.71,532.22,532.81
55,2,100,100,100,96338,96338,96338,941,941,941,591,591,591,0.96,0.96,0.96,0.14,0.14,0.14,0.93,0.94,0.94,0.00,0.00,0.00,0.00,0.00,0.00,0.00,0.00,0.00,0.17,0.17,0.17,334335,422214,592259,371781,457482,626327,0,0,0,0,0,0,0,477775,0,527.93,530.20,532.49
55,3,100,100,100,96332,96332,96332,948,948,948,591,591,591,0.96,0.96,0.96,0.14,0.14,0.14,0.93,0.93,0.93,0.00,0.00,0.00,0.00,0.00,0.00,0.00,0.00,0.00,0.17,0.17,0.17,221835,388870,704927,251530,423074,738994,0,0,0,0,0,0,0,414575,0,518.96,519.19,519.43
56,0,100,100,100,96338,96338,96338,941,941,941,591,591,591,0.96,0.96,0.96,0.14,0.14,0.14,0.94,0.94,0.94,0.00,0.00,0.00,0.00,0.00,0.00,0.00,0.00,0.00,0.17,0.17,0.17,175579,702665,1595958,209647,736907,1632647,0,0,0,0,0,0,0,433206,0,542.03,542.26,542.64
56,1,100,100,100,96336,96336,96336,943,943,943,591,591,591,0.96,0.96,0.96,0.14,0.14,0.14,0.93,0.93,0.93,0.00,0.00,0.00,0.00,0.00,0.00,0.00,0.00,0.00,0.17,0.17,0.17,343296,397273,471706,377363,432389,505774,0,0,0,0,0,0,0,424986,0,531.87,532.42,532.84
56,2,100,100,100,96338,96338,96338,941,941,941,591,591,591,0.96,0.96,0.96,0.14,0.14,0.14,0.93,0.93,0.94,0.00,0.00,0.00,0.00,0.00,0.00,0.00,0.00,0.00,0.17,0.17,0.17,345915,596446,1341744,382603,631562,1375812,0,0,0,0,0,0,0,424183,0,527.00,529.14,531.44
56,3,100,100,100,96332,96332,96332,948,948,948,591,591,591,0.96,0.96,0.96,0.14,0.14,0.14,0.93,0.93,0.94,0.00,0.00,0.00,0.00,0.00,0.00,0.00,0.00,0.00,0.17,0.17,0.17,335442,596962,1108484,369510,632077,1145171,0,0,0,0,0,0,0,415628,0,519.39,520.77,521.30
57,0,100,100,100,96338,96338,96338,941,941,941,591,591,591,0.96,0.96,0.96,0.14,0.14,0.14,0.94,0.94,0.94,0.00,0.00,0.00,0.00,0.00,0.00,0.00,0.00,0.00,0.17,0.17,0.17,476935,570763,809780,511002,606403,846469,0,0,0,0,0,0,0,432344,0,542.14,542.24,542.54
57,1,100,100,100,96336,96336,96336,943,943,943,591,591,591,0.96,0.96,0.96,0.14,0.14,0.14,0.93,0.93,0.93,0.00,0.00,0.00,0.00,0.00,0.00,0.00,0.00,0.00,0.17,0.17,0.17,338751,380906,524122,374679,415989,560811,0,0,0,0,0,0,0,424254,0,530.38,531.01,531.48
57,2,100,100,100,96338,96338,96338,941,941,941,591,591,591,0.96,0.96,0.96,0.14,0.14,0.14,0.93,0.94,0.94,0.00,0.00,0.00,0.00,0.00,0.00,0.00,0.00,0.00,0.17,0.17,0.17,343297,470134,778316,374744,505250,815005,0,0,0,0,0,0,0,319437,0,530.03,532.02,533.37
57,3,100,100,100,96332,96332,96332,948,948,948,591,591,591,0.96,0.96,0.96,0.14,0.14,0.14,0.93,0.93,0.94,0.00,0.00,0.00,0.00,0.00,0.00,0.00,0.00,0.00,0.17,0.17,0.17,343290,453360,655157,377357,488476,689225,0,0,0,0,0,0,0,314238,0,518.76,520.78,522.63
58,0,100,100,100,96338,96338,96338,941,941,941,591,591,591,0.96,0.96,0.96,0.14,0.14,0.14,0.94,0.94,0.94,0.00,0.00,0.00,0.00,0.00,0.00,0.00,0.00,0.00,0.17,0.17,0.17,453269,559834,849099,489950,594844,885788,0,0,0,0,0,0,0,432939,0,542.15,542.41,542.50
58,1,100,100,100,96336,96336,96336,943,943,943,591,591,591,0.96,0.96,0.96,0.14,0.14,0.14,0.93,0.93,0.93,0.00,0.00,0.00,0.00,0.00,0.00,0.00,0.00,0.00,0.17,0.17,0.17,353771,458075,736394,390459,493190,770462,0,0,0,0,0,0,0,479435,0,531.47,532.46,533.42
58,2,100,100,100,96338,96338,96338,941,941,941,591,591,591,0.96,0.96,0.96,0.14,0.14,0.14,0.93,0.94,0.94,0.00,0.00,0.00,0.00,0.00,0.00,0.00,0.00,0.00,0.17,0.17,0.17,332814,402072,569172,366882,437160,603114,0,0,0,0,0,0,0,425559,0,531.13,531.79,532.75
58,3,100,100,100,96332,96332,96332,948,948,948,591,591,591,0.96,0.96,0.96,0.14,0.14,0.14,0.93,0.93,0.93,0.00,0.00,0.00,0.00,0.00,0.00,0.00,0.00,0.00,0.16,0.17,0.17,340638,421225,714729,377322,456123,750339,0,0,0,0,0,0,0,415223,0,519.92,521.82,523.15
59,0,100,100,100,96338,96338,96338,941,941,941,591,591,591,0.96,0.96,0.96,0.14,0.14,0.14,0.94,0.94,0.94,0.00,0.00,0.00,0.00,0.00,0.00,0.00,0.00,0.00,0.17,0.17,0.17,7861,381290,558192,41928,416012,592260,0,0,0,0,0,0,0,486758,0,541.82,542.07,542.22
59,1,100,100,100,96336,96336,96336,943,943,943,591,591,591,0.96,0.96,0.96,0.14,0.14,0.14,0.93,0.93,0.93,0.00,0.00,0.00,0.00,0.00,0.00,0.00,0.00,0.00,0.17,0.17,0.17,345923,704931,1478002,379992,739653,1512070,0,0,0,0,0,0,0,318931,0,533.00,533.38,533.63
59,2,100,100,100,96338,96338,96338,941,941,941,591,591,591,0.96,0.96,0.96,0.14,0.14,0.14,0.93,0.94,0.94,0.00,0.00,0.00,0.00,0.00,0.00,0.00,0.00,0.00,0.17,0.17,0.17,284771,593992,1399362,314471,628278,1436050,0,0,0,0,0,0,0,479385,0,531.84,532.44,533.05
59,3,100,100,100,96332,96332,96332,948,948,948,591,591,591,0.96,0.96,0.96,0.14,0.14,0.14,0.93,0.93,0.93,0.00,0.00,0.00,0.00,0.00,0.00,0.00,0.00,0.00,0.17,0.17,0.17,125787,514942,1103283,159855,549664,1137351,0,0,0,0,0,0,0,413926,0,518.71,519.33,519.62
60,0,100,100,100,96338,96338,96338,941,941,941,591,591,591,0.96,0.96,0.96,0.14,0.14,0.14,0.94,0.94,0.94,0.00,0.00,0.00,0.00,0.00,0.00,0.00,0.00,0.00,0.17,0.17,0.17,479562,744267,1588162,516250,779384,1622232,0,0,0,0,0,0,0,432499,0,541.98,542.14,542.36
60,1,100,100,100,96336,96336,96336,943,943,943,591,591,591,0.96,0.96,0.96,0.14,0.14,0.14,0.93,0.93,0.93,0.00,0.00,0.00,0.00,0.00,0.00,0.00,0.00,0.00,0.16,0.17,0.18,236075,482595,783551,267320,517192,817619,0,0,0,0,0,0,0,424374,0,531.78,532.17,532.36
60,2,100,100,100,96338,96338,96338,941,941,941,591,591,591,0.96,0.96,0.96,0.14,0.14,0.14,0.93,0.94,0.94,0.00,0.00,0.00,0.00,0.00,0.00,0.00,0.00,0.00,0.17,0.17,0.17,348535,501054,825480,385223,536169,859547,0,0,0,0,0,0,0,422455,0,529.58,531.33,532.74
60,3,100,100,100,96332,96332,96332,948,948,948,591,591,591,0.96,0.96,0.96,0.14,0.14,0.14,0.93,0.93,0.93,0.00,0.00,0.00,0.00,0.00,0.00,0.00,0.00,0.00,0.17,0.17,0.17,345904,448116,725908,382591,482708,762597,0,0,0,0,0,0,0,413940,0,518.62,518.86,519.21
61,0,100,100,100,96338,96338,96338,941,941,941,591,591,591,0.96,0.96,0.96,0.14,0.14,0.14,0.94,0.94,0.94,0.00,0.00,0.00,0.00,0.00,0.00,0.00,0.00,0.00,0.17,0.17,0.17,469037,580198,773083,503101,615313,807151,0,0,0,0,0,0,0,423237,0,534.90,539.67,542.17
61,1,100,100,100,96336,96336,96336,943,943,943,591,591,591,0.96,0.96,0.96,0.14,0.14,0.14,0.93,0.93,0.93,0.00,0.00,0.00,0.00,0.00,0.00,0.00,0.00,0.00,0.17,0.17,0.17,338059,372083,432389,374747,407195,469076,0,0,0,0,0,0,0,425795,0,531.19,531.81,532.74
61,2,100,100,100,96338,96338,96338,941,941,941,591,591,591,0.96,0.96,0.96,0.14,0.14,0.14,0.93,0.94,0.94,0.00,0.00,0.00,0.00,0.00,0.00,0.00,0.00,0.00,0.17,0.17,0.17,340565,407240,634190,377231,442824,668258,0,0,0,0,0,0,0,422874,0,530.11,531.25,533.01
61,3,100,100,100,96332,96332,96332,948,948,948,591,591,591,0.96,0.96,0.96,0.14,0.14,0.14,0.93,0.93,0.93,0.00,0.00,0.00,0.00,0.00,0.00,0.00,0.00,0.00,0.17,0.17,0.17,335442,377365,471689,369510,412481,505756,0,0,0,0,0,0,0,414403,0,518.14,518.53,518.83
62,0,100,100,100,96338,96338,96338,941,941,941,591,591,591,0.96,0.96,0.96,0.14,0.14,0.14,0.94,0.94,0.94,0.00,0.00,0.00,0.00,0.00,0.00,0.00,0.00,0.00,0.16,0.17,0.17,462250,664616,1084326,495635,700753,1123424,0,0,0,0,0,0,0,472472,0,525.43,527.19,531.22
62,1,100,100,100,96336,96336,96336,943,943,943,591,591,591,0.96,0.96,0.96,0.14,0.14,0.14,0.93,0.93,0.93,0.00,0.00,0.00,0.00,0.00,0.00,0.00,0.00,0.00,0.17,0.17,0.17,387844,576400,1069217,424532,613080,1103286,0,0,0,0,0,0,0,425294,0,532.84,533.29,533.83
62,2,100,100,100,96338,96338,96338,941,941,941,591,591,591,0.96,0.96,0.96,0.14,0.14,0.14,0.94,0.94,0.94,0.00,0.00,0.00,0.00,0.00,0.00,0.00,0.00,0.00,0.17,0.17,0.17,117926,442880,618468,151994,478520,655157,0,0,0,0,0,0,0,477503,0,529.92,531.43,533.01
62,3,100,100,100,96332,96332,96332,948,948,948,591,591,591,0.96,0.96,0.96,0.14,0.14,0.14,0.93,0.93,0.93,0.00,0.00,0.00,0.00,0.00,0.00,0.00,0.00,0.00,0.17,0.17,0.17,0,442332,959129,34066,478394,995817,0,0,0,0,0,0,0,465767,0,518.73,518.90,519.07
63,0,100,100,100,96338,96338,96338,941,941,941,591,591,591,0.96,0.96,0.96,0.14,0.14,0.14,0.93,0.94,0.94,0.00,0.00,0.00,0.00,0.00,0.00,0.00,0.00,0.00,0.17,0.17,0.17,505794,888376,1792477,542484,923492,1826544,0,0,0,0,0,0,0,314250,0,525.28,525.53,525.86
63,1,100,100,100,96336,96336,96336,943,943,943,591,591,591,0.96,0.96,0.96,0.14,0.14,0.14,0.93,0.93,0.93,0.00,0.00,0.00,0.00,0.00,0.00,0.00,0.00,0.00,0.17,0.17,0.17,345916,405658,621036,379983,440249,657722,0,0,0,0,0,0,0,424902,0,532.78,532.91,533.04
63,2,100,100,100,96338,96338,96338,941,941,941,591,591,591,0.96,0.96,0.96,0.14,0.14,0.14,0.93,0.93,0.94,0.00,0.00,0.00,0.00,0.00,0.00,0.00,0.00,0.00,0.17,0.17,0.17,335435,548739,1320769,369502,583854,1357457,0,0,0,0,0,0,0,421147,0,527.89,529.56,531.40
63,3,100,100,100,96332,96332,96332,948,948,948,591,591,591,0.96,0.96,0.96,0.14,0.14,0.14,0.93,0.93,0.93,0.00,0.00,0.00,0.00,0.00,0.00,0.00,0.00,0.00,0.17,0.17,0.17,338044,475367,940793,374732,510483,974861,0,0,0,0,0,0,0,310940,0,518.64,518.72,518.79
64,0,100,100,100,96338,96338,96338,941,941,941,591,591,591,0.96,0.96,0.96,0.14,0.14,0.14,0.93,0.94,0.94,0.00,0.00,0.00,0.00,0.00,0.00,0.00,0.00,0.00,0.17,0.17,0.17,471664,575470,851690,505795,611109,885757,0,0,0,0,0,0,0,419050,0,524.36,524.63,525.12
64,1,100,100,100,96336,96336,96336,943,943,943,591,591,591,0.96,0.96,0.96,0.14,0.14,0.14,0.93,0.93,0.93,0.00,0.00,0.00,0.00,0.00,0.00,0.00,0.00,0.00,0.17,0.17,0.17,345915,375692,437583,382604,411275,471646,0,0,0,0,0,0,0,425180,0,531.65,531.81,532.05
64,2,100,100,100,96338,96338,96338,941,941,941,591,591,591,0.96,0.96,0.96,0.14,0.14,0.14,0.94,0.94,0.94,0.00,0.00,0.00,0.00,0.00,0.00,0.00,0.00,0.00,0.17,0.17,0.17,345918,508389,702305,379985,543505,736372,0,0,0,0,0,0,0,319138,0,527.01,530.23,532.36
64,3,100,100,100,96332,96332,96332,948,948,948,591,591,591,0.96,0.96,0.96,0.14,0.14,0.14,0.93,0.93,0.93,0.00,0.00,0.00,0.00,0.00,0.00,0.00,0.00,0.00,0.17,0.17,0.17,343291,405135,547686,377371,440250,584373,0,0,0,0,0,0,0,416855,0,518.50,519.70,521.29
65,0,100,100,100,96338,96338,96338,941,941,941,591,591,591,0.96,0.96,0.96,0.14,0.14,0.14,0.94,0.94,0.94,0.00,0.00,0.00,0.00,0.00,0.00,0.00,0.00,0.00,0.16,0.16,0.17,312801,555725,1082305,342180,589918,1118994,0,0,0,0,0,0,0,418155,0,524.21,524.54,524.83
65,1,100,100,100,96336,96336,96336,943,943,943,591,591,591,0.96,0.96,0.96,0.14,0.14,0.14,0.93,0.93,0.93,0.00,0.00,0.00,0.00,0.00,0.00,0.00,0.00,0.00,0.17,0.17,0.17,345912,416670,568674,379988,451262,605363,0,0,0,0,0,0,0,477414,0,531.01,531.78,532.25
65,2,100,100,100,96338,96338,96338,941,941,941,591,591,591,0.96,0.96,0.96,0.14,0.14,0.14,0.94,0.94,0.94,0.00,0.00,0.00,0.00,0.00,0.00,0.00,0.00,0.00,0.16,0.17,0.17,331711,370660,447057,364882,405676,482067,0,0,0,0,0,0,0,422726,0,529.39,531.19,533.14
65,3,100,100,100,96332,96332,96332,948,948,948,591,591,591,0.96,0.96,0.96,0.14,0.14,0.14,0.93,0.93,0.93,0.00,0.00,0.00,0.00,0.00,0.00,0.00,0.00,0.00,0.17,0.17,0.17,338059,413000,537235,372127,448115,573924,0,0,0,0,0,0,0,414153,0,518.89,520.68,521.80
66,0,100,100,100,96338,96338,96338,941,941,941,591,591,591,0.96,0.96,0.96,0.14,0.14,0.14,0.93,0.94,0.94,0.00,0.00,0.00,0.00,0.00,0.00,0.00,0.00,0.00,0.17,0.17,0.17,482186,738469,1724326,516260,773584,1761014,0,0,0,0,0,0,0,472395,0,524.99,525.41,526.00
66,1,100,100,100,96336,96336,96336,943,943,943,591,591,591,0.96,0.96,0.96,0.14,0.14,0.14,0.93,0.93,0.93,0.00,0.00,0.00,0.00,0.00,0.00,0.00,0.00,0.00,0.17,0.17,0.17,0,468016,1126753,34067,503132,1163438,0,0,0,0,0,0,0,318853,0,531.28,531.88,532.91
66,2,100,100,100,96338,96338,96338,941,941,941,591,591,591,0.96,0.96,0.96,0.14,0.14,0.14,0.93,0.94,0.94,0.00,0.00,0.00,0.00,0.00,0.00,0.00,0.00,0.00,0.17,0.17,0.17,300492,548049,1396787,330191,582290,1433476,0,0,0,0,0,0,0,424314,0,528.98,530.65,532.11
66,3,100,100,100,96332,96332,96332,948,948,948,591,591,591,0.96,0.96,0.96,0.14,0.14,0.14,0.93,0.93,0.93,0.00,0.00,0.00,0.00,0.00,0.00,0.00,0.00,0.00,0.17,0.17,0.17,344974,489333,906702,378949,524954,940769,0,0,0,0,0,0,0,466790,0,518.33,519.19,519.92
67,0,100,100,100,96338,96338,96338,941,941,941,591,591,591,0.96,0.96,0.96,0.14,0.14,0.14,0.93,0.94,0.94,0.00,0.00,0.00,0.00,0.00,0.00,0.00,0.00,0.00,0.17,0.17,0.17,466462,534079,770458,500530,569195,807146,0,0,0,0,0,0,0,420349,0,525.73,526.12,526.84
67,1,100,100,100,96336,96336,96336,943,943,943,591,591,591,0.96,0.96,0.96,0.14,0.14,0.14,0.93,0.93,0.93,0.00,0.00,0.00,0.00,0.00,0.00,0.00,0.00,0.00,0.17,0.17,0.17,345913,492392,762587,379982,526735,801896,0,0,0,0,0,0,0,425896,0,532.25,532.72,533.56
67,2,100,100,100,96338,96338,96338,941,941,941,591,591,591,0.96,0.96,0.96,0.14,0.14,0.14,0.93,0.93,0.94,0.00,0.00,0.00,0.00,0.00,0.00,0.00,0.00,0.00,0.17,0.17,0.17,343301,430826,681356,377369,465942,715424,0,0,0,0,0,0,0,421792,0,528.30,529.45,531.13
67,3,100,100,100,96332,96332,96332,948,948,948,591,591,591,0.96,0.96,0.96,0.14,0.14,0.14,0.93,0.93,0.93,0.00,0.00,0.00,0.00,0.00,0.00,0.00,0.00,0.00,0.17,0.17,0.17,340675,386793,534583,374743,421384,571271,0,0,0,0,0,0,0,414064,0,519.77,520.68,521.55
68,0,100,100,100,96338,96338,96338,941,941,941,591,591,591,0.96,0.96,0.96,0.14,0.14,0.14,0.93,0.94,0.94,0.00,0.00,0.00,0.00,0.00,0.00,0.00,0.00,0.00,0.17,0.17,0.17,466498,676634,1071786,503189,711750,1105853,0,0,0,0,0,0,0,419888,0,526.00,526.53,526.82
68,1,100,100,100,96336,96336,96336,943,943,943,591,591,591,0.96,0.96,0.96,0.14,0.14,0.14,0.93,0.93,0.93,0.00,0.00,0.00,0.00,0.00,0.00,0.00,0.00,0.00,0.17,0.17,0.17,335254,431834,749483,369304,466946,783551,0,0,0,0,0,0,0,425724,0,533.59,533.75,534.03
68,2,100,100,100,96338,96338,96338,941,941,941,591,591,591,0.96,0.96,0.96,0.14,0.14,0.14,0.93,0.93,0.94,0.00,0.00,0.00,0.00,0.00,0.00,0.00,0.00,0.00,0.17,0.17,0.17,336344,428492,757347,372289,463578,791415,0,0,0,0,0,0,0,422986,0,528.27,529.20,529.98
68,3,100,100,100,96332,96332,96332,948,948,948,591,591,591,0.96,0.96,0.96,0.14,0.14,0.14,0.93,0.93,0.93,0.00,0.00,0.00,0.00,0.00,0.00,0.00,0.00,0.00,0.17,0.17,0.17,223621,391679,594869,255067,425746,628936,0,0,0,0,0,0,0,414493,0,518.71,519.13,519.43
69,0,100,100,100,96338,96338,96338,941,941,941,591,591,591,0.96,0.96,0.96,0.14,0.14,0.14,0.94,0.94,0.94,0.00,0.00,0.00,0.00,0.00,0.00,0.00,0.00,0.00,0.16,0.17,0.17,318940,594909,1099348,348568,628590,1137825,0,0,0,0,0,0,0,367650,0,525.50,525.90,526.28
69,1,100,100,100,96336,96336,96336,943,943,943,591,591,591,0.96,0.96,0.96,0.14,0.14,0.14,0.93,0.93,0.93,0.00,0.00,0.00,0.00,0.00,0.00,0.00,0.00,0.00,0.17,0.17,0.17,128409,552939,1153054,162477,587662,1187122,0,0,0,0,0,0,0,425838,0,532.69,533.05,533.66
69,2,100,100,100,96338,96338,96338,941,941,941,591,591,591,0.96,0.96,0.96,0.14,0.14,0.14,0.93,0.94,0.94,0.00,0.00,0.00,0.00,0.00,0.00,0.00,0.00,0.00,0.17,0.17,0.17,369507,712805,1433476,403575,748839,1470165,0,0,0,0,0,0,0,476168,0,530.06,530.76,531.31
69,3,100,100,100,96332,96332,96332,948,948,948,591,591,591,0.96,0.96,0.96,0.14,0.14,0.14,0.93,0.93,0.93,0.00,0.00,0.00,0.00,0.00,0.00,0.00,0.00,0.00,0.17,0.17,0.17,330189,515596,1053460,364257,550974,1087527,0,0,0,0,0,0,0,466580,0,519.22,519.71,519.95
70,0,100,100,100,96338,96338,96338,941,941,941,591,591,591,0.96,0.96,0.96,0.14,0.14,0.14,0.93,0.94,0.94,0.00,0.00,0.00,0.00,0.00,0.00,0.00,0.00,0.00,0.17,0.17,0.17,479554,817090,1781961,513621,852205,1816028,0,0,0,0,0,0,0,419677,0,525.70,526.06,526.30
70,1,100,100,100,96336,96336,96336,943,943,943,591,591,591,0.96,0.96,0.96,0.14,0.14,0.14,0.93,0.93,0.93,0.00,0.00,0.00,0.00,0.00,0.00,0.00,0.00,0.00,0.17,0.17,0.17,345915,415101,610604,379987,450217,644672,0,0,0,0,0,0,0,426498,0,532.60,533.14,533.51
70,2,100,100,100,96338,96338,96338,941,941,941,591,591,591,0.96,0.96,0.96,0.14,0.14,0.14,0.93,0.94,0.94,0.00,0.00,0.00,0.00,0.00,0.00,0.00,0.00,0.00,0.17,0.17,0.17,256818,353780,455983,288265,387848,492672,0,0,0,0,0,0,0,424259,0,528.26,528.78,529.91
70,3,100,100,100,96332,96332,96332,948,948,948,591,591,591,0.96,0.96,0.96,0.14,0.14,0.14,0.93,0.93,0.94,0.00,0.00,0.00,0.00,0.00,0.00,0.00,0.00,0.00,0.17,0.17,0.17,332809,486364,773006,369496,521479,809691,0,0,0,0,0,0,0,311932,0,518.82,519.49,520.03
71,0,100,100,100,96338,96338,96338,941,941,941,591,591,591,0.96,0.96,0.96,0.14,0.14,0.14,0.93,0.94,0.94,0.00,0.00,0.00,0.00,0.00,0.00,0.00,0.00,0.00,0.17,0.17,0.17,469057,635228,1263154,505743,670343,1297223,0,0,0,0,0,0,0,418984,0,524.92,525.40,525.80
71,1,100,100,100,96336,96336,96336,943,943,943,591,591,591,0.96,0.96,0.96,0.14,0.14,0.14,0.93,0.93,0.93,0.00,0.00,0.00,0.00,0.00,0.00,0.00,0.00,0.00,0.17,0.17,0.17,330165,420297,570253,364230,454317,606708,0,0,0,0,0,0,0,425750,0,533.02,533.24,533.36
71,2,100,100,100,96338,96338,96338,941,941,941,591,591,591,0.96,0.96,0.96,0.14,0.14,0.14,0.93,0.94,0.94,0.00,0.00,0.00,0.00,0.00,0.00,0.00,0.00,0.00,0.17,0.17,0.17,340682,475883,809689,374751,510474,843754,0,0,0,0,0,0,0,318174,0,529.25,529.87,530.36
71,3,100,100,100,96332,96332,96332,948,948,948,591,591,591,0.96,0.96,0.96,0.14,0.14,0.14,0.93,0.93,0.94,0.00,0.00,0.00,0.00,0.00,0.00,0.00,0.00,0.00,0.17,0.17,0.17,216630,316915,351169,246329,351682,385238,0,0,0,0,0,0,0,416521,0,520.02,520.69,521.88
72,0,0,74,100,96338,96338,96340,939,940,941,591,591,591,0.00,0.61,0.96,0.00,0.09,0.14,0.00,0.60,0.94,0.00,0.00,0.00,0.00,0.00,0.00,0.00,0.00,0.00,0.00,0.11,0.17,295761,1026319,2739351,311059,1072977,2847280,0,0,0,0,0,0,0,266041,0,338.76,473.95,526.77
72,1,100,100,100,96336,96336,96336,943,943,943,591,591,591,0.71,0.91,0.96,0.11,0.13,0.14,0.69,0.89,0.93,0.00,0.00,0.00,0.00,0.00,0.00,0.00,0.00,0.00,0.13,0.16,0.17,343290,681399,1706247,356393,721758,1782255,0,0,0,0,0,0,0,359920,0,494.91,525.78,533.73
72,2,100,100,100,96338,96338,96338,941,941,941,591,591,591,0.96,0.96,0.96,0.14,0.14,0.14,0.93,0.94,0.94,0.00,0.00,0.00,0.00,0.00,0.00,0.00,0.00,0.00,0.16,0.17,0.17,351172,481410,626361,369516,515881,668293,0,0,0,0,0,0,0,441859,0,500.55,523.44,529.62
72,3,0,80,100,96332,96332,96332,948,948,948,591,591,591,0.00,0.69,0.96,0.00,0.10,0.14,0.00,0.67,0.93,0.00,0.00,0.00,0.00,0.00,0.00,0.00,0.00,0.00,0.00,0.12,0.17,338111,472774,555568,356458,508940,594877,0,0,0,0,0,0,0,324694,0,375.82,477.73,520.64
